sys.exec.out.time {s},position[0] {m},position[1] {m},velocity[0] {m/s},velocity[1] {m/s},acceleration[0] {m/s2},acceleration[1] {m/s2},force[0] {N},force[1] {N}
0, 5, 5, 2.47487, 2.47487, -0.685994, -0.411597, -6.85994, -4.11597
0.1, 5.24441, 5.24562, 2.40654, 2.43328, -0.680815, -0.420107, -6.80815, -4.20107
0.2, 5.48201, 5.48705, 2.33875, 2.3908, -0.675519, -0.428573, -6.75519, -4.28573
0.3, 5.71285, 5.72419, 2.27147, 2.34752, -0.670641, -0.436167, -6.70641, -4.36167
0.4, 5.93699, 5.95696, 2.20466, 2.30352, -0.666127, -0.44303, -6.66127, -4.4303
0.5, 6.15446, 6.18531, 2.13828, 2.25887, -0.661931, -0.449274, -6.61931, -4.49274
0.6, 6.36532, 6.40917, 2.0723, 2.21362, -0.658015, -0.454991, -6.58015, -4.54991
0.7, 6.56959, 6.62847, 2.0067, 2.16783, -0.654345, -0.460252, -6.54345, -4.60252
0.8, 6.76732, 6.84317, 1.94146, 2.12153, -0.650894, -0.46512, -6.50894, -4.6512
0.9, 6.95855, 7.05323, 1.87655, 2.07477, -0.647638, -0.469644, -6.47638, -4.69644
1, 7.14329, 7.25858, 1.81196, 2.02757, -0.644555, -0.473866, -6.44555, -4.73866
1.1, 7.32159, 7.4592, 1.74767, 1.97996, -0.641628, -0.477822, -6.41628, -4.77822
1.2, 7.49348, 7.65504, 1.68366, 1.93197, -0.63884, -0.481543, -6.3884, -4.81543
1.3, 7.65897, 7.84607, 1.61992, 1.88363, -0.636178, -0.485054, -6.36178, -4.85054
1.4, 7.81811, 8.03224, 1.55644, 1.83494, -0.63363, -0.488377, -6.3363, -4.88377
1.5, 7.9709, 8.21353, 1.49322, 1.78592, -0.631186, -0.491533, -6.31186, -4.91533
1.6, 8.11739, 8.38991, 1.43023, 1.7366, -0.628835, -0.494537, -6.28835, -4.94537
1.7, 8.25758, 8.56134, 1.36747, 1.68699, -0.626569, -0.497405, -6.26569, -4.97405
1.8, 8.39152, 8.72779, 1.30493, 1.6371, -0.624381, -0.500149, -6.24381, -5.00149
1.9, 8.5192, 8.88925, 1.24261, 1.58694, -0.622263, -0.502781, -6.22263, -5.02781
2, 8.64067, 9.04567, 1.1805, 1.53652, -0.62021, -0.505312, -6.2021, -5.05312
2.1, 8.75593, 9.19705, 1.11859, 1.48585, -0.618215, -0.50775, -6.18215, -5.0775
2.2, 8.86501, 9.34334, 1.05687, 1.43495, -0.616275, -0.510103, -6.16275, -5.10103
2.3, 8.96793, 9.48454, 0.995351, 1.38381, -0.614384, -0.512379, -6.14384, -5.12379
2.4, 9.0647, 9.62061, 0.934015, 1.33245, -0.612538, -0.514585, -6.12538, -5.14585
2.5, 9.15535, 9.75154, 0.872861, 1.28088, -0.610733, -0.516726, -6.10733, -5.16726
2.6, 9.23989, 9.8773, 0.811885, 1.22909, -0.608965, -0.518808, -6.08965, -5.18808
2.7, 9.31834, 9.99787, 0.751084, 1.1771, -0.607232, -0.520836, -6.07232, -5.20836
2.8, 9.39072, 10.1132, 0.690455, 1.1249, -0.605529, -0.522814, -6.05529, -5.22814
2.9, 9.45704, 10.2234, 0.629994, 1.07251, -0.603855, -0.524747, -6.03855, -5.24747
3, 9.51733, 10.3283, 0.569699, 1.01994, -0.602206, -0.526638, -6.02206, -5.26638
3.1, 9.57159, 10.4279, 0.509568, 0.96717, -0.600581, -0.528491, -6.00581, -5.28491
3.2, 9.61985, 10.5222, 0.449599, 0.914221, -0.598975, -0.53031, -5.98975, -5.3031
3.3, 9.66211, 10.6112, 0.389789, 0.861091, -0.597388, -0.532097, -5.97388, -5.32097
3.4, 9.69841, 10.695, 0.330136, 0.807784, -0.595817, -0.533856, -5.95817, -5.33856
3.5, 9.72874, 10.7733, 0.27064, 0.754303, -0.59426, -0.535589, -5.9426, -5.35589
3.6, 9.75313, 10.8463, 0.2113, 0.70065, -0.592715, -0.537298, -5.92715, -5.37298
3.7, 9.7716, 10.914, 0.152113, 0.646827, -0.59118, -0.538987, -5.9118, -5.38987
3.8, 9.78415, 10.9762, 0.0930786, 0.592837, -0.589652, -0.540657, -5.89652, -5.40657
3.9, 9.79081, 11.0331, 0.0341971, 0.53868, -0.588132, -0.542311, -5.88132, -5.42311
4, 9.79159, 11.0845, -0.0245327, 0.484358, -0.586615, -0.543951, -5.86615, -5.43951
4.1, 9.7865, 11.1305, -0.0831109, 0.429874, -0.585102, -0.545579, -5.85102, -5.45579
4.2, 9.77555, 11.171, -0.141538, 0.375227, -0.583589, -0.547196, -5.83589, -5.47196
4.3, 9.75878, 11.2061, -0.199814, 0.320419, -0.582075, -0.548806, -5.82075, -5.48806
4.4, 9.73618, 11.2357, -0.257938, 0.26545, -0.580559, -0.55041, -5.80559, -5.5041
4.5, 9.70777, 11.2597, -0.31591, 0.210321, -0.579039, -0.552009, -5.79039, -5.52009
4.6, 9.67358, 11.2783, -0.37373, 0.155032, -0.577512, -0.553606, -5.77512, -5.53606
4.7, 9.63361, 11.2913, -0.431397, 0.0995837, -0.575978, -0.555202, -5.75978, -5.55202
4.8, 9.58788, 11.2987, -0.48891, 0.0439756, -0.574434, -0.5568, -5.74434, -5.568
4.9, 9.53641, 11.3006, -0.546268, -0.0117924, -0.572878, -0.558401, -5.72878, -5.58401
5, 9.47921, 11.2969, -0.603469, -0.0677207, -0.571308, -0.560006, -5.71308, -5.60006
5.1, 9.41629, 11.2876, -0.660513, -0.12381, -0.569723, -0.561619, -5.69723, -5.61619
5.2, 9.34768, 11.2727, -0.717397, -0.180061, -0.568119, -0.563241, -5.68119, -5.63241
5.3, 9.27338, 11.2522, -0.77412, -0.236475, -0.566496, -0.564874, -5.66496, -5.64874
5.4, 9.19343, 11.226, -0.830679, -0.293053, -0.56485, -0.566519, -5.6485, -5.66519
5.5, 9.10782, 11.1941, -0.887073, -0.349796, -0.56318, -0.56818, -5.6318, -5.6818
5.6, 9.01658, 11.1566, -0.943298, -0.406706, -0.561482, -0.569858, -5.61482, -5.69858
5.7, 8.91973, 11.1134, -0.999351, -0.463785, -0.559754, -0.571555, -5.59754, -5.71555
5.8, 8.81728, 11.0644, -1.05523, -0.521035, -0.557992, -0.573275, -5.57992, -5.73275
5.9, 8.70924, 11.0097, -1.11093, -0.578458, -0.556195, -0.575019, -5.56195, -5.75019
6, 8.59565, 10.9493, -1.16645, -0.636057, -0.554357, -0.576791, -5.54357, -5.76791
6.1, 8.47652, 10.8831, -1.22178, -0.693835, -0.552476, -0.578593, -5.52476, -5.78593
6.2, 8.35185, 10.8111, -1.27692, -0.751795, -0.550548, -0.580428, -5.50548, -5.80428
6.3, 8.22169, 10.7333, -1.33187, -0.80994, -0.548568, -0.5823, -5.48568, -5.823
6.4, 8.08604, 10.6497, -1.38662, -0.868275, -0.546531, -0.584212, -5.46531, -5.84212
6.5, 7.94492, 10.5602, -1.44115, -0.926804, -0.544433, -0.586168, -5.44433, -5.86168
6.6, 7.79836, 10.4649, -1.49548, -0.98553, -0.542267, -0.588172, -5.42267, -5.88172
6.7, 7.64637, 10.3637, -1.54958, -1.04446, -0.540027, -0.590229, -5.40027, -5.90229
6.8, 7.48899, 10.2566, -1.60346, -1.1036, -0.537707, -0.592344, -5.37707, -5.92344
6.9, 7.32623, 10.1436, -1.6571, -1.16295, -0.535298, -0.594522, -5.35298, -5.94522
7, 7.15811, 10.0246, -1.71049, -1.22253, -0.532792, -0.596769, -5.32792, -5.96769
7.1, 6.98467, 9.89964, -1.76363, -1.28233, -0.530179, -0.599091, -5.30179, -5.99091
7.2, 6.80592, 9.7687, -1.8165, -1.34237, -0.527448, -0.601497, -5.27448, -6.01497
7.3, 6.62191, 9.63176, -1.86908, -1.40266, -0.524587, -0.603994, -5.24587, -6.03994
7.4, 6.43264, 9.48877, -1.92138, -1.4632, -0.521582, -0.606591, -5.21582, -6.06591
7.5, 6.23816, 9.33971, -1.97336, -1.52401, -0.518416, -0.609299, -5.18416, -6.09299
7.6, 6.0385, 9.18457, -2.02502, -1.58509, -0.515072, -0.612128, -5.15072, -6.12128
7.7, 5.83368, 9.0233, -2.07634, -1.64647, -0.511527, -0.615093, -5.11527, -6.15093
7.8, 5.62375, 8.85588, -2.12728, -1.70815, -0.507758, -0.618208, -5.07758, -6.18208
7.9, 5.40875, 8.68228, -2.17784, -1.77015, -0.503736, -0.62149, -5.03736, -6.2149
8, 5.1887, 8.50246, -2.22798, -1.83248, -0.499426, -0.624959, -4.99426, -6.24959
8.1, 4.96367, 8.31639, -2.27767, -1.89518, -0.494789, -0.628636, -4.94789, -6.28636
8.2, 4.73368, 8.12404, -2.32688, -1.95826, -0.489777, -0.632549, -4.89777, -6.32549
8.3, 4.4988, 7.92536, -2.37556, -2.02174, -0.484332, -0.636728, -4.84332, -6.36728
8.4, 4.25907, 7.72031, -2.42367, -2.08566, -0.478385, -0.641208, -4.78385, -6.41208
8.5, 4.01456, 7.50886, -2.47115, -2.15004, -0.47185, -0.646032, -4.7185, -6.46032
8.6, 3.76533, 7.29094, -2.51795, -2.21493, -0.464621, -0.65125, -4.64621, -6.5125
8.7, 3.51146, 7.0665, -2.56397, -2.28036, -0.456566, -0.656923, -4.56566, -6.56923
8.8, 3.25302, 6.8355, -2.60914, -2.34639, -0.447514, -0.663122, -4.47514, -6.63122
8.9, 2.99011, 6.59787, -2.65334, -2.41307, -0.437248, -0.669936, -4.37248, -6.69936
9, 2.72283, 6.35353, -2.69643, -2.48047, -0.425482, -0.67747, -4.25482, -6.7747
9.1, 2.45129, 6.10242, -2.73825, -2.54867, -0.411832, -0.685853, -4.11832, -6.85853
9.2, 2.17564, 5.84446, -2.77857, -2.61776, -0.395778, -0.695241, -3.95778, -6.95241
9.3, 1.89603, 5.57953, -2.81712, -2.68786, -0.37659, -0.705819, -3.7659, -7.05819
9.4, 1.61266, 5.30755, -2.85354, -2.75909, -0.353223, -0.717798, -3.53223, -7.17798
9.5, 1.32577, 5.02839, -2.88731, -2.8316, -0.324132, -0.731395, -3.24132, -7.31395
9.6, 1.03563, 4.74192, -2.91776, -2.90557, -0.286961, -0.746762, -2.86961, -7.46762
9.7, 0.742641, 4.44797, -2.94388, -2.98117, -0.237994, -0.763779, -2.37994, -7.63779
9.8, 0.447283, 4.14639, -2.96419, -3.05852, -0.171201, -0.781467, -1.71201, -7.81467
9.9, 0.150236, 3.83699, -2.97639, -3.13754, -0.0767172, -0.796313, -0.767172, -7.96313
10, -0.147544, 3.51964, -2.97694, -3.21744, 0.0605414, -0.797706, 0.605414, -7.97706
10.1, -0.444668, 3.19435, -2.96064, -3.29554, 0.256292, -0.757835, 2.56292, -7.57835
10.2, -0.739189, 2.86156, -2.92189, -3.36507, 0.497107, -0.626805, 4.97107, -6.26805
10.3, -1.02877, 2.52259, -2.86031, -3.41532, 0.699002, -0.389097, 6.99002, -3.89097
10.4, -1.31146, 2.17974, -2.78453, -3.43978, 0.789095, -0.131641, 7.89095, -1.31641
10.5, -1.58633, 1.83553, -2.70475, -3.44146, 0.797232, 0.0664959, 7.97232, 0.664959
10.6, -1.85325, 1.49193, -2.62616, -3.42697, 0.774383, 0.200826, 7.74383, 2.00826
10.7, -2.11243, 1.1503, -2.55033, -3.40164, 0.745107, 0.29123, 7.45107, 2.9123
10.8, -2.36415, 0.811555, -2.47737, -3.36888, 0.717364, 0.354103, 7.17364, 3.54103
10.9, -2.6087, 0.476342, -2.407, -3.33085, 0.69304, 0.39962, 6.9304, 3.9962
11, -2.84632, 0.145115, -2.33887, -3.28893, 0.672156, 0.433827, 6.72156, 4.33827
11.1, -3.07721, -0.181779, -2.27266, -3.24404, 0.654257, 0.460378, 6.54257, 4.60378
11.2, -3.30156, -0.504074, -2.20811, -3.1968, 0.63883, 0.481556, 6.3883, 4.81556
11.3, -3.51952, -0.821557, -2.14498, -3.14766, 0.625425, 0.498842, 6.25425, 4.98842
11.4, -3.73123, -1.13405, -2.08309, -3.09697, 0.613674, 0.513229, 6.13674, 5.13229
11.5, -3.93679, -1.44142, -2.02231, -3.04496, 0.603283, 0.525404, 6.03283, 5.25404
11.6, -4.13632, -1.74353, -1.9625, -2.99183, 0.594019, 0.535856, 5.94019, 5.35856
11.7, -4.32991, -2.04029, -1.90356, -2.93773, 0.585696, 0.544941, 5.85696, 5.44941
11.8, -4.51765, -2.3316, -1.84541, -2.88279, 0.578165, 0.552924, 5.78165, 5.52924
11.9, -4.6996, -2.61738, -1.78797, -2.8271, 0.571308, 0.560007, 5.71308, 5.60007
12, -4.87583, -2.89756, -1.73119, -2.77075, 0.565026, 0.566344, 5.65026, 5.66344
12.1, -5.04642, -3.17207, -1.67501, -2.7138, 0.559241, 0.572057, 5.59241, 5.72057
12.2, -5.21141, -3.44087, -1.61939, -2.6563, 0.553886, 0.577244, 5.53886, 5.77244
12.3, -5.37087, -3.70389, -1.56427, -2.59831, 0.548906, 0.581981, 5.48906, 5.81981
12.4, -5.52483, -3.9611, -1.50964, -2.53987, 0.544256, 0.586333, 5.44256, 5.86333
12.5, -5.67336, -4.21244, -1.45546, -2.48102, 0.539895, 0.59035, 5.39895, 5.9035
12.6, -5.81648, -4.45788, -1.4017, -2.42177, 0.535792, 0.594076, 5.35792, 5.94076
12.7, -5.95424, -4.69738, -1.34833, -2.36217, 0.531918, 0.597548, 5.31918, 5.97548
12.8, -6.08669, -4.9309, -1.29534, -2.30224, 0.528248, 0.600795, 5.28248, 6.00795
12.9, -6.21385, -5.15842, -1.24271, -2.24199, 0.52476, 0.603843, 5.2476, 6.03843
13, -6.33577, -5.37989, -1.19042, -2.18145, 0.521438, 0.606715, 5.21438, 6.06715
13.1, -6.45247, -5.5953, -1.13845, -2.12062, 0.518264, 0.609428, 5.18264, 6.09428
13.2, -6.56399, -5.80462, -1.08679, -2.05954, 0.515224, 0.612, 5.15224, 6.12
13.3, -6.67035, -6.00781, -1.03543, -1.9982, 0.512305, 0.614446, 5.12305, 6.14446
13.4, -6.7716, -6.20486, -0.984359, -1.93663, 0.509497, 0.616776, 5.09497, 6.16776
13.5, -6.86774, -6.39575, -0.933559, -1.87483, 0.506789, 0.619003, 5.06789, 6.19003
13.6, -6.95882, -6.58044, -0.883025, -1.81281, 0.504173, 0.621136, 5.04173, 6.21136
13.7, -7.04486, -6.75892, -0.832747, -1.75058, 0.50164, 0.623183, 5.0164, 6.23183
13.8, -7.12588, -6.93118, -0.782719, -1.68816, 0.499184, 0.625152, 4.99184, 6.25152
13.9, -7.20191, -7.09717, -0.732932, -1.62554, 0.496797, 0.627051, 4.96797, 6.27051
14, -7.27297, -7.2569, -0.683381, -1.56273, 0.494473, 0.628885, 4.94473, 6.28885
14.1, -7.33909, -7.41034, -0.634059, -1.49974, 0.492208, 0.630659, 4.92208, 6.30659
14.2, -7.40029, -7.55748, -0.58496, -1.43658, 0.489996, 0.632379, 4.89996, 6.32379
14.3, -7.45658, -7.69829, -0.53608, -1.37325, 0.487833, 0.63405, 4.87833, 6.3405
14.4, -7.508, -7.83276, -0.487413, -1.30976, 0.485714, 0.635675, 4.85714, 6.35675
14.5, -7.55456, -7.96087, -0.438957, -1.2461, 0.483635, 0.637257, 4.83635, 6.37257
14.6, -7.59628, -8.08261, -0.390706, -1.18229, 0.481593, 0.638802, 4.81593, 6.38802
14.7, -7.63318, -8.19796, -0.342657, -1.11833, 0.479585, 0.640311, 4.79585, 6.40311
14.8, -7.6653, -8.30691, -0.294808, -1.05421, 0.477606, 0.641789, 4.77606, 6.41789
14.9, -7.69263, -8.40944, -0.247155, -0.989956, 0.475655, 0.643236, 4.75655, 6.43236
15, -7.71521, -8.50554, -0.199695, -0.925554, 0.473727, 0.644657, 4.73727, 6.44657
15.1, -7.73305, -8.59519, -0.152428, -0.861011, 0.471821, 0.646053, 4.71821, 6.46053
15.2, -7.74617, -8.67838, -0.105349, -0.79633, 0.469934, 0.647427, 4.69934, 6.47427
15.3, -7.7546, -8.7551, -0.0584589, -0.731513, 0.468064, 0.64878, 4.68064, 6.4878
15.4, -7.75834, -8.82533, -0.0117547, -0.666561, 0.466207, 0.650116, 4.66207, 6.50116
15.5, -7.75742, -8.88906, 0.0347645, -0.601477, 0.464363, 0.651435, 4.64363, 6.51435
15.6, -7.75186, -8.94627, 0.0810997, -0.536262, 0.462527, 0.652739, 4.62527, 6.52739
15.7, -7.74167, -8.99696, 0.127252, -0.470917, 0.460699, 0.654031, 4.60699, 6.54031
15.8, -7.72687, -9.0411, 0.173221, -0.405443, 0.458876, 0.655311, 4.58876, 6.55311
15.9, -7.70749, -9.0787, 0.219009, -0.339842, 0.457056, 0.656582, 4.57056, 6.56582
16, -7.68353, -9.10973, 0.264615, -0.274114, 0.455237, 0.657844, 4.55237, 6.57844
16.1, -7.65503, -9.13417, 0.310038, -0.208261, 0.453417, 0.6591, 4.53417, 6.591
16.2, -7.62198, -9.15203, 0.35528, -0.142282, 0.451593, 0.660351, 4.51593, 6.60351
16.3, -7.58443, -9.16329, 0.400338, -0.0761781, 0.449763, 0.661599, 4.49763, 6.61599
16.4, -7.54237, -9.16793, 0.445214, -0.00994972, 0.447927, 0.662844, 4.47927, 6.62844
16.5, -7.49584, -9.16594, 0.489905, 0.0564031, 0.44608, 0.664088, 4.4608, 6.64088
16.6, -7.44484, -9.15731, 0.534411, 0.12288, 0.444221, 0.665333, 4.44221, 6.65333
16.7, -7.38941, -9.14202, 0.57873, 0.189482, 0.442348, 0.66658, 4.42348, 6.6658
16.8, -7.32955, -9.12007, 0.622861, 0.256209, 0.440458, 0.66783, 4.40458, 6.6783
16.9, -7.26528, -9.09144, 0.666802, 0.323061, 0.438549, 0.669085, 4.38549, 6.69085
17, -7.19663, -9.05612, 0.710551, 0.390039, 0.436618, 0.670347, 4.36618, 6.70347
17.1, -7.12361, -9.0141, 0.754105, 0.457143, 0.434662, 0.671616, 4.34662, 6.71616
17.2, -7.04625, -8.96536, 0.797463, 0.524375, 0.43268, 0.672896, 4.3268, 6.72896
17.3, -6.96456, -8.9099, 0.84062, 0.591735, 0.430667, 0.674186, 4.30667, 6.74186
17.4, -6.87856, -8.84769, 0.883574, 0.659226, 0.42862, 0.675489, 4.2862, 6.75489
17.5, -6.78828, -8.77872, 0.926322, 0.726847, 0.426537, 0.676806, 4.26537, 6.76806
17.6, -6.69373, -8.70299, 0.968859, 0.794601, 0.424413, 0.67814, 4.24413, 6.7814
17.7, -6.59494, -8.62047, 1.01118, 0.862489, 0.422245, 0.679492, 4.22245, 6.79492
17.8, -6.49193, -8.53117, 1.05328, 0.930513, 0.420028, 0.680864, 4.20028, 6.80864
17.9, -6.38471, -8.43505, 1.09516, 0.998676, 0.417758, 0.682259, 4.17758, 6.82259
18, -6.27332, -8.33211, 1.13681, 1.06698, 0.415431, 0.683679, 4.15431, 6.83679
18.1, -6.15777, -8.22233, 1.17822, 1.13543, 0.41304, 0.685126, 4.1304, 6.85126
18.2, -6.0381, -8.1057, 1.21939, 1.20402, 0.41058, 0.686603, 4.1058, 6.86603
18.3, -5.91431, -7.98221, 1.26031, 1.27276, 0.408045, 0.688113, 4.08045, 6.88113
18.4, -5.78645, -7.85183, 1.30097, 1.34166, 0.405428, 0.689658, 4.05428, 6.89658
18.5, -5.65453, -7.71456, 1.34137, 1.41071, 0.40272, 0.691243, 4.0272, 6.91243
18.6, -5.51859, -7.57038, 1.38149, 1.47993, 0.399913, 0.69287, 3.99913, 6.9287
18.7, -5.37864, -7.41926, 1.42132, 1.5493, 0.396998, 0.694545, 3.96998, 6.94545
18.8, -5.23473, -7.2612, 1.46085, 1.61885, 0.393964, 0.69627, 3.93964, 6.9627
18.9, -5.08688, -7.09618, 1.50008, 1.68858, 0.390799, 0.698052, 3.90799, 6.98052
19, -4.93512, -6.92418, 1.53898, 1.75848, 0.387489, 0.699895, 3.87489, 6.99895
19.1, -4.77948, -6.74518, 1.57753, 1.82858, 0.384019, 0.701805, 3.84019, 7.01805
19.2, -4.62001, -6.55916, 1.61574, 1.89887, 0.380371, 0.703788, 3.80371, 7.03788
19.3, -4.45673, -6.3661, 1.65356, 1.96936, 0.376525, 0.705853, 3.76525, 7.05853
19.4, -4.28968, -6.16599, 1.691, 2.04006, 0.37246, 0.708007, 3.7246, 7.08007
19.5, -4.11891, -5.95879, 1.72801, 2.11099, 0.368146, 0.710259, 3.68146, 7.10259
19.6, -3.94446, -5.74449, 1.76457, 2.18214, 0.363555, 0.71262, 3.63555, 7.1262
19.7, -3.76638, -5.52307, 1.80066, 2.25354, 0.358649, 0.715102, 3.58649, 7.15102
19.8, -3.58471, -5.29449, 1.83624, 2.32519, 0.353386, 0.717718, 3.53386, 7.17718
19.9, -3.3995, -5.05874, 1.87127, 2.39711, 0.347715, 0.720482, 3.47715, 7.20482
20, -3.21082, -4.81578, 1.90571, 2.46932, 0.341575, 0.723413, 3.41575, 7.23413
20.1, -3.01873, -4.56559, 1.9395, 2.54183, 0.334894, 0.72653, 3.34894, 7.2653
20.2, -2.82328, -4.30813, 1.97259, 2.61467, 0.327581, 0.729857, 3.27581, 7.29857
20.3, -2.62456, -4.04337, 2.00492, 2.68785, 0.319526, 0.733419, 3.19526, 7.33419
20.4, -2.42264, -3.77128, 2.03638, 2.7614, 0.310593, 0.737246, 3.10593, 7.37246
20.5, -2.21762, -3.49182, 2.0669, 2.83535, 0.300609, 0.741373, 3.00609, 7.41373
20.6, -2.0096, -3.20494, 2.09636, 2.90973, 0.289351, 0.745839, 2.89351, 7.45839
20.7, -1.79868, -2.9106, 2.1246, 2.98457, 0.276532, 0.750686, 2.76532, 7.50686
20.8, -1.585, -2.60876, 2.15146, 3.05993, 0.261773, 0.755959, 2.61773, 7.55959
20.9, -1.3687, -2.29936, 2.17671, 3.13583, 0.244561, 0.761702, 2.44561, 7.61702
21, -1.14996, -1.98234, 2.20008, 3.21234, 0.224191, 0.767944, 2.24191, 7.67944
21.1, -0.928985, -1.65763, 2.22119, 3.28951, 0.199667, 0.774683, 1.99667, 7.74683
21.2, -0.706015, -1.32519, 2.23955, 3.36736, 0.169549, 0.781827, 1.69549, 7.81827
21.3, -0.481355, -0.984919, 2.2545, 3.44595, 0.13169, 0.789087, 1.3169, 7.89087
21.4, -0.255388, -0.636762, 2.26509, 3.52523, 0.0827977, 0.795704, 0.827977, 7.95704
21.5, -0.0286059, -0.28065, 2.26995, 3.60506, 0.0177124, 0.799804, 0.177124, 7.99804
21.6, 0.198334, 0.0834544, 2.26705, 3.68496, -0.0716525, 0.796785, -0.716525, 7.96785
21.7, 0.424527, 0.455512, 2.25334, 3.76369, -0.197008, 0.775363, -1.97008, 7.75363
21.8, 0.64871, 0.835288, 2.22456, 3.83814, -0.36948, 0.709567, -3.6948, 7.09567
21.9, 0.869168, 1.22209, 2.17633, 3.90152, -0.575947, 0.555234, -5.75947, 5.55234
22, 1.0839, 1.61434, 2.10882, 3.9435, -0.742789, 0.297092, -7.42789, 2.97092
22.1, 1.2913, 2.00956, 2.03049, 3.95759, -0.799777, 0.018889, -7.99777, 0.18889
22.2, 1.49077, 2.40502, 1.9514, 3.94717, -0.776394, -0.192903, -7.76394, -1.92903
22.3, 1.68249, 2.79861, 1.87638, 3.91971, -0.727769, -0.332194, -7.27769, -3.32194
22.4, 1.86693, 3.18892, 1.80631, 3.88121, -0.679294, -0.422563, -6.79294, -4.22563
22.5, 2.04458, 3.57503, 1.74074, 3.83543, -0.637531, -0.483274, -6.37531, -4.83274
22.6, 2.21584, 3.95632, 1.67895, 3.78464, -0.602834, -0.525919, -6.02834, -5.25919
22.7, 2.38108, 4.33237, 1.62029, 3.73025, -0.574095, -0.557149, -5.74095, -5.57149
22.8, 2.54056, 4.70284, 1.56423, 3.67318, -0.550096, -0.580857, -5.50096, -5.80857
22.9, 2.69454, 5.06751, 1.51037, 3.61404, -0.52982, -0.599409, -5.2982, -5.99409
23, 2.84323, 5.4262, 1.45836, 3.55326, -0.512478, -0.614302, -5.12478, -6.14302
23.1, 2.98678, 5.77874, 1.40795, 3.49114, -0.497471, -0.626516, -4.97471, -6.26516
23.2, 3.12536, 6.12501, 1.35894, 3.42791, -0.484344, -0.636719, -4.84344, -6.36719
23.3, 3.2591, 6.46492, 1.31116, 3.36375, -0.472748, -0.645376, -4.72748, -6.45376
23.4, 3.3881, 6.79838, 1.26446, 3.29879, -0.462411, -0.652822, -4.62411, -6.52822
23.5, 3.51248, 7.12531, 1.21874, 3.23315, -0.453124, -0.659302, -4.53124, -6.59302
23.6, 3.63233, 7.44565, 1.17389, 3.1669, -0.444718, -0.665001, -4.44718, -6.65001
23.7, 3.74773, 7.75934, 1.12985, 3.10011, -0.43706, -0.670058, -4.3706, -6.70058
23.8, 3.85876, 8.06633, 1.08653, 3.03286, -0.430042, -0.674584, -4.30042, -6.74584
23.9, 3.96549, 8.36657, 1.04389, 2.96517, -0.423574, -0.678664, -4.23574, -6.78664
24, 4.06799, 8.66003, 1.00187, 2.8971, -0.417584, -0.682366, -4.17584, -6.82366
24.1, 4.1663, 8.94666, 0.960418, 2.82867, -0.41201, -0.685746, -4.1201, -6.85746
24.2, 4.2605, 9.22644, 0.919506, 2.75992, -0.406802, -0.688848, -4.06802, -6.88848
24.3, 4.35063, 9.49932, 0.879097, 2.69088, -0.401917, -0.69171, -4.01917, -6.9171
24.4, 4.43674, 9.7653, 0.83916, 2.62156, -0.397318, -0.694362, -3.97318, -6.94362
24.5, 4.51887, 10.0243, 0.79967, 2.55199, -0.392973, -0.69683, -3.92973, -6.9683
24.6, 4.59708, 10.2764, 0.7606, 2.48218, -0.388856, -0.699136, -3.88856, -6.99136
24.7, 4.67139, 10.5214, 0.721932, 2.41214, -0.384942, -0.701299, -3.84942, -7.01299
24.8, 4.74186, 10.7595, 0.683644, 2.3419, -0.381212, -0.703333, -3.81212, -7.03333
24.9, 4.80852, 10.9905, 0.64572, 2.27146, -0.377647, -0.705254, -3.77647, -7.05254
25, 4.87139, 11.2145, 0.608145, 2.20083, -0.374232, -0.707072, -3.74232, -7.07072
25.1, 4.93053, 11.4314, 0.570903, 2.13003, -0.370953, -0.708798, -3.70953, -7.08798
25.2, 4.98596, 11.6412, 0.533982, 2.05906, -0.367797, -0.71044, -3.67797, -7.1044
25.3, 5.0377, 11.8439, 0.497371, 1.98793, -0.364753, -0.712008, -3.64753, -7.12008
25.4, 5.0858, 12.0395, 0.461058, 1.91665, -0.361811, -0.713507, -3.61811, -7.13507
25.5, 5.13029, 12.228, 0.425034, 1.84522, -0.358963, -0.714944, -3.58963, -7.14944
25.6, 5.17118, 12.4093, 0.389291, 1.77365, -0.3562, -0.716325, -3.562, -7.16325
25.7, 5.20851, 12.5834, 0.353819, 1.70194, -0.353515, -0.717654, -3.53515, -7.17654
25.8, 5.24231, 12.7504, 0.318612, 1.6301, -0.350901, -0.718936, -3.50901, -7.18936
25.9, 5.27259, 12.9101, 0.283662, 1.55814, -0.348352, -0.720174, -3.48352, -7.20174
26, 5.29939, 13.0627, 0.248965, 1.48606, -0.345863, -0.721373, -3.45863, -7.21373
26.1, 5.32274, 13.2081, 0.214513, 1.41386, -0.343429, -0.722535, -3.43429, -7.22535
26.2, 5.34265, 13.3462, 0.180301, 1.34154, -0.341044, -0.723664, -3.41044, -7.23664
26.3, 5.35915, 13.4771, 0.146326, 1.26911, -0.338705, -0.724761, -3.38705, -7.24761
26.4, 5.37226, 13.6007, 0.112582, 1.19658, -0.336406, -0.725831, -3.36406, -7.25831
26.5, 5.38201, 13.7171, 0.0790661, 1.12394, -0.334146, -0.726875, -3.34146, -7.26875
26.6, 5.38841, 13.8262, 0.0457742, 1.05119, -0.331919, -0.727894, -3.31919, -7.27894
26.7, 5.3915, 13.9281, 0.0127034, 0.978349, -0.329722, -0.728892, -3.29722, -7.28892
26.8, 5.39129, 14.0226, -0.0201493, 0.905406, -0.327553, -0.729869, -3.27553, -7.29869
26.9, 5.38781, 14.1099, -0.0527864, 0.832366, -0.325408, -0.730828, -3.25408, -7.30828
27, 5.38107, 14.1898, -0.0852103, 0.759232, -0.323284, -0.73177, -3.23284, -7.3177
27.1, 5.3711, 14.2625, -0.117423, 0.686004, -0.321179, -0.732696, -3.21179, -7.32696
27.2, 5.35791, 14.3278, -0.149426, 0.612684, -0.31909, -0.733609, -3.1909, -7.33609
27.3, 5.34154, 14.3857, -0.18122, 0.539273, -0.317013, -0.734508, -3.17013, -7.34508
27.4, 5.32199, 14.4364, -0.212808, 0.465773, -0.314948, -0.735396, -3.14948, -7.35396
27.5, 5.2993, 14.4796, -0.24419, 0.392186, -0.312891, -0.736274, -3.12891, -7.36274
27.6, 5.27347, 14.5155, -0.275366, 0.31851, -0.310839, -0.737142, -3.10839, -7.37142
27.7, 5.24454, 14.5441, -0.306337, 0.244749, -0.308792, -0.738003, -3.08792, -7.38003
27.8, 5.21252, 14.5652, -0.337104, 0.170901, -0.306745, -0.738856, -3.06745, -7.38856
27.9, 5.17743, 14.579, -0.367665, 0.0969693, -0.304697, -0.739702, -3.04697, -7.39702
28, 5.1393, 14.5853, -0.398022, 0.0229527, -0.302645, -0.740544, -3.02645, -7.40544
28.1, 5.09814, 14.5843, -0.428174, -0.0511478, -0.300588, -0.741382, -3.00588, -7.41382
28.2, 5.05397, 14.5759, -0.458119, -0.125332, -0.298522, -0.742216, -2.98522, -7.42216
28.3, 5.00682, 14.56, -0.487857, -0.199599, -0.296445, -0.743048, -2.96445, -7.43048
28.4, 4.9567, 14.5367, -0.517387, -0.27395, -0.294355, -0.743879, -2.94355, -7.43879
28.5, 4.90364, 14.5059, -0.546707, -0.348383, -0.292248, -0.744709, -2.92248, -7.44709
28.6, 4.84766, 14.4677, -0.575815, -0.4229, -0.290124, -0.745539, -2.90124, -7.45539
28.7, 4.78878, 14.4221, -0.604709, -0.497499, -0.287978, -0.746371, -2.87978, -7.46371
28.8, 4.72701, 14.369, -0.633388, -0.572182, -0.285807, -0.747204, -2.85807, -7.47204
28.9, 4.66239, 14.3084, -0.661848, -0.646949, -0.283609, -0.748041, -2.83609, -7.48041
29, 4.59494, 14.2403, -0.690087, -0.721799, -0.281381, -0.748882, -2.81381, -7.48882
29.1, 4.52467, 14.1648, -0.718101, -0.796734, -0.279119, -0.749728, -2.79119, -7.49728
29.2, 4.4516, 14.0817, -0.745886, -0.871753, -0.27682, -0.75058, -2.7682, -7.5058
29.3, 4.37577, 13.9912, -0.77344, -0.946859, -0.27448, -0.751439, -2.7448, -7.51439
29.4, 4.2972, 13.8931, -0.800757, -1.02205, -0.272095, -0.752306, -2.72095, -7.52306
29.5, 4.2159, 13.7875, -0.827833, -1.09733, -0.26966, -0.753182, -2.6966, -7.53182
29.6, 4.13191, 13.6744, -0.854663, -1.1727, -0.267171, -0.754069, -2.67171, -7.54069
29.7, 4.04524, 13.5537, -0.88124, -1.24815, -0.264622, -0.754967, -2.64622, -7.54967
29.8, 3.95593, 13.4255, -0.907559, -1.3237, -0.262009, -0.755878, -2.62009, -7.55878
29.9, 3.864, 13.2897, -0.933613, -1.39934, -0.259326, -0.756803, -2.59326, -7.56803
30, 3.76948, 13.1464, -0.959395, -1.47507, -0.256565, -0.757743, -2.56565, -7.57743
30.1, 3.67239, 12.9955, -0.984895, -1.5509, -0.25372, -0.7587, -2.5372, -7.587
30.2, 3.57276, 12.837, -1.01011, -1.62682, -0.250783, -0.759676, -2.50783, -7.59676
30.3, 3.47063, 12.6709, -1.03502, -1.70284, -0.247746, -0.760672, -2.47746, -7.60672
30.4, 3.36602, 12.4972, -1.05962, -1.77896, -0.244598, -0.76169, -2.44598, -7.6169
30.5, 3.25896, 12.3158, -1.0839, -1.85519, -0.241328, -0.762732, -2.41328, -7.62732
30.6, 3.14949, 12.1269, -1.10785, -1.93152, -0.237926, -0.763801, -2.37926, -7.63801
30.7, 3.03764, 11.9303, -1.13145, -2.00796, -0.234377, -0.764897, -2.34377, -7.64897
30.8, 2.92345, 11.7261, -1.15468, -2.08451, -0.230666, -0.766024, -2.30666, -7.66024
30.9, 2.80695, 11.5142, -1.17754, -2.16118, -0.226776, -0.767185, -2.26776, -7.67185
31, 2.68818, 11.2946, -1.19999, -2.23796, -0.222687, -0.768382, -2.22687, -7.68382
31.1, 2.56718, 11.0673, -1.22202, -2.31487, -0.218377, -0.769618, -2.18377, -7.69618
31.2, 2.44401, 10.8324, -1.24361, -2.3919, -0.213821, -0.770896, -2.13821, -7.70896
31.3, 2.31869, 10.5897, -1.26473, -2.46906, -0.208988, -0.77222, -2.08988, -7.7222
31.4, 2.19129, 10.3393, -1.28535, -2.54636, -0.203843, -0.773594, -2.03843, -7.73594
31.5, 2.06184, 10.0812, -1.30544, -2.6238, -0.198347, -0.775022, -1.98347, -7.75022
31.6, 1.93042, 9.81535, -1.32495, -2.70138, -0.192451, -0.776507, -1.92451, -7.76507
31.7, 1.79706, 9.54171, -1.34385, -2.77912, -0.186098, -0.778054, -1.86098, -7.78054
31.8, 1.66185, 9.26029, -1.36209, -2.85701, -0.17922, -0.779667, -1.7922, -7.79667
31.9, 1.52485, 8.97108, -1.3796, -2.93507, -0.171735, -0.781349, -1.71735, -7.81349
32, 1.38613, 8.67406, -1.39633, -3.0133, -0.163543, -0.783105, -1.63543, -7.83105
32.1, 1.24578, 8.3692, -1.4122, -3.09171, -0.154519, -0.784936, -1.54519, -7.84936
32.2, 1.10388, 8.05649, -1.42711, -3.17031, -0.14451, -0.78684, -1.4451, -7.8684
32.3, 0.960534, 7.73592, -1.44095, -3.2491, -0.133321, -0.788813, -1.33321, -7.88813
32.4, 0.815859, 7.40746, -1.4536, -3.32809, -0.120703, -0.790842, -1.20703, -7.90842
32.5, 0.669978, 7.07108, -1.4649, -3.40729, -0.106332, -0.792902, -1.06332, -7.92902
32.6, 0.523036, 6.72678, -1.47464, -3.48669, -0.0897815, -0.794946, -0.897815, -7.94946
32.7, 0.375198, 6.37453, -1.48258, -3.5663, -0.0704745, -0.79689, -0.704745, -7.9689
32.8, 0.226659, 6.01432, -1.48841, -3.64608, -0.0476184, -0.798582, -0.476184, -7.98582
32.9, 0.0776467, 5.64611, -1.4917, -3.72601, -0.0200978, -0.799748, -0.200978, -7.99748
33, -0.071561, 5.26991, -1.49191, -3.806, 0.0136963, -0.799883, 0.136963, -7.99883
33.1, -0.220625, 4.88571, -1.48829, -3.88591, 0.0561407, -0.798028, 0.561407, -7.98028
33.2, -0.369117, 4.49354, -1.47979, -3.96544, 0.110818, -0.792287, 1.10818, -7.92287
33.3, -0.516487, 4.09345, -1.46491, -4.04402, 0.183144, -0.778754, 1.83144, -7.78754
33.4, -0.662004, 3.68558, -1.44146, -4.12045, 0.280916, -0.749057, 2.80916, -7.49057
33.5, -0.804684, 3.27025, -1.40642, -4.19224, 0.412869, -0.685229, 4.12869, -6.85229
33.6, -0.943206, 2.84813, -1.35626, -4.25425, 0.577665, -0.553446, 5.77665, -5.53446
33.7, -1.07596, 2.42055, -1.28952, -4.2976, 0.733321, -0.319751, 7.33321, -3.19751
33.8, -1.20145, 1.98984, -1.21157, -4.31329, 0.799693, -0.0221697, 7.99693, -0.221697
33.9, -1.31904, 1.55886, -1.1329, -4.3008, 0.765318, 0.232999, 7.65318, 2.32999
34, -1.429, 1.13015, -1.06035, -4.26749, 0.691069, 0.403017, 6.91069, 4.03017
34.1, -1.53205, 0.705406, -0.995354, -4.22098, 0.617764, 0.508298, 6.17764, 5.08298
34.2, -1.62891, 0.285717, -0.937054, -4.16626, 0.556492, 0.574732, 5.56492, 5.74732
34.3, -1.7202, -0.128243, -0.884204, -4.10623, 0.50724, 0.618634, 5.0724, 6.18634
34.4, -1.8064, -0.536028, -0.835727, -4.04261, 0.467652, 0.649078, 4.67652, 6.49078
34.5, -1.88793, -0.937329, -0.790786, -3.97643, 0.435437, 0.671114, 4.35437, 6.71114
34.6, -1.96509, -1.33192, -0.748747, -3.90838, 0.408814, 0.687656, 4.08814, 6.87656
34.7, -2.03817, -1.71964, -0.709125, -3.83888, 0.386467, 0.700459, 3.86467, 7.00459
34.8, -2.10737, -2.10036, -0.671549, -3.76826, 0.367438, 0.710626, 3.67438, 7.10626
34.9, -2.1729, -2.47398, -0.635728, -3.69673, 0.35102, 0.718877, 3.5102, 7.18877
35, -2.23492, -2.8404, -0.601429, -3.62445, 0.336691, 0.725699, 3.36691, 7.25699
35.1, -2.29357, -3.19957, -0.568468, -3.55156, 0.324053, 0.73143, 3.24053, 7.3143
35.2, -2.34898, -3.55143, -0.536692, -3.47814, 0.312803, 0.736311, 3.12803, 7.36311
35.3, -2.40125, -3.89592, -0.505975, -3.40428, 0.302706, 0.740519, 3.02706, 7.40519
35.4, -2.45051, -4.23301, -0.476214, -3.33002, 0.293576, 0.744186, 2.93576, 7.44186
35.5, -2.49682, -4.56266, -0.44732, -3.25542, 0.285265, 0.747412, 2.85265, 7.47412
35.6, -2.54028, -4.88483, -0.419217, -3.18052, 0.277652, 0.750273, 2.77652, 7.50273
35.7, -2.58097, -5.1995, -0.391842, -3.10535, 0.270641, 0.75283, 2.70641, 7.5283
35.8, -2.61894, -5.50665, -0.365139, -3.02994, 0.264152, 0.755132, 2.64152, 7.55132
35.9, -2.65428, -5.80624, -0.339059, -2.95431, 0.258117, 0.757216, 2.58117, 7.57216
36, -2.68703, -6.09826, -0.313561, -2.87848, 0.25248, 0.759114, 2.5248, 7.59114
36.1, -2.71726, -6.38269, -0.288606, -2.80247, 0.247196, 0.760851, 2.47196, 7.60851
36.2, -2.74502, -6.65951, -0.264163, -2.7263, 0.242222, 0.762449, 2.42222, 7.62449
36.3, -2.77035, -6.9287, -0.240201, -2.64997, 0.237526, 0.763925, 2.37526, 7.63925
36.4, -2.79331, -7.19026, -0.216695, -2.5735, 0.233078, 0.765294, 2.33078, 7.65294
36.5, -2.81394, -7.44416, -0.193621, -2.4969, 0.228851, 0.766568, 2.28851, 7.66568
36.6, -2.83228, -7.6904, -0.170959, -2.42018, 0.224824, 0.767759, 2.24824, 7.67759
36.7, -2.84837, -7.92896, -0.14869, -2.34334, 0.220977, 0.768875, 2.20977, 7.68875
36.8, -2.86225, -8.15984, -0.126796, -2.26639, 0.217293, 0.769924, 2.17293, 7.69924
36.9, -2.87396, -8.38301, -0.105262, -2.18935, 0.213757, 0.770914, 2.13757, 7.70914
37, -2.88353, -8.59847, -0.0840749, -2.1122, 0.210355, 0.771849, 2.10355, 7.71849
37.1, -2.89099, -8.80622, -0.0632207, -2.03497, 0.207075, 0.772735, 2.07075, 7.72735
37.2, -2.89639, -9.00624, -0.0426884, -1.95765, 0.203906, 0.773578, 2.03906, 7.73578
37.3, -2.89974, -9.19852, -0.0224672, -1.88025, 0.200839, 0.774379, 2.00839, 7.74379
37.4, -2.90109, -9.38306, -0.00254759, -1.80277, 0.197865, 0.775145, 1.97865, 7.75145
37.5, -2.90046, -9.55984, 0.0170794, -1.72521, 0.194976, 0.775876, 1.94976, 7.75876
37.6, -2.89788, -9.72887, 0.0364218, -1.64759, 0.192165, 0.776578, 1.92165, 7.76578
37.7, -2.89338, -9.89014, 0.055487, -1.56989, 0.189425, 0.77725, 1.89425, 7.7725
37.8, -2.88698, -10.0436, 0.0742818, -1.49213, 0.186749, 0.777898, 1.86749, 7.77898
37.9, -2.87872, -10.1893, 0.0928124, -1.41431, 0.184134, 0.778521, 1.84134, 7.78521
38, -2.86861, -10.3273, 0.111084, -1.33642, 0.181572, 0.779122, 1.81572, 7.79122
38.1, -2.85669, -10.4574, 0.129103, -1.25848, 0.179061, 0.779703, 1.79061, 7.79703
38.2, -2.84298, -10.5797, 0.146873, -1.18047, 0.176594, 0.780266, 1.76594, 7.80266
38.3, -2.8275, -10.6943, 0.164399, -1.10242, 0.174169, 0.780811, 1.74169, 7.80811
38.4, -2.81028, -10.801, 0.181684, -1.02431, 0.171781, 0.78134, 1.71781, 7.8134
38.5, -2.79134, -10.8999, 0.198732, -0.946145, 0.169426, 0.781854, 1.69426, 7.81854
38.6, -2.77071, -10.991, 0.215547, -0.867932, 0.167101, 0.782354, 1.67101, 7.82354
38.7, -2.74841, -11.0743, 0.23213, -0.789669, 0.164803, 0.782841, 1.64803, 7.82841
38.8, -2.72446, -11.1497, 0.248486, -0.711359, 0.162529, 0.783316, 1.62529, 7.83316
38.9, -2.69888, -11.2173, 0.264614, -0.633002, 0.160276, 0.78378, 1.60276, 7.8378
39, -2.6717, -11.2771, 0.280519, -0.554599, 0.15804, 0.784234, 1.5804, 7.84234
39.1, -2.64294, -11.329, 0.296201, -0.476151, 0.15582, 0.784678, 1.5582, 7.84678
39.2, -2.61263, -11.3731, 0.311661, -0.397659, 0.153612, 0.785114, 1.53612, 7.85114
39.3, -2.58077, -11.4094, 0.326901, -0.319124, 0.151413, 0.785541, 1.51413, 7.85541
39.4, -2.5474, -11.4377, 0.341922, -0.240547, 0.149222, 0.78596, 1.49222, 7.8596
39.5, -2.51254, -11.4582, 0.356724, -0.161928, 0.147035, 0.786372, 1.47035, 7.86372
39.6, -2.47621, -11.4709, 0.371307, -0.0832687, 0.144851, 0.786777, 1.44851, 7.86777
39.7, -2.43843, -11.4757, 0.385672, -0.00456894, 0.142666, 0.787176, 1.42666, 7.87176
39.8, -2.39923, -11.4726, 0.399818, 0.0741704, 0.140478, 0.78757, 1.40478, 7.8757
39.9, -2.35862, -11.4616, 0.413746, 0.152949, 0.138285, 0.787958, 1.38285, 7.87958
40, -2.31662, -11.4428, 0.427453, 0.231766, 0.136084, 0.788341, 1.36084, 7.88341
40.1, -2.27327, -11.4161, 0.44094, 0.310621, 0.133872, 0.788719, 1.33872, 7.88719
40.2, -2.22858, -11.3815, 0.454205, 0.389513, 0.131647, 0.789094, 1.31647, 7.89094
40.3, -2.18257, -11.339, 0.467247, 0.468443, 0.129406, 0.789464, 1.29406, 7.89464
40.4, -2.13527, -11.2886, 0.480063, 0.54741, 0.127147, 0.789831, 1.27147, 7.89831
40.5, -2.08669, -11.2303, 0.492652, 0.626413, 0.124866, 0.790195, 1.24866, 7.90195
40.6, -2.03687, -11.1641, 0.505012, 0.705452, 0.12256, 0.790556, 1.2256, 7.90556
40.7, -1.98582, -11.09, 0.51714, 0.784527, 0.120226, 0.790914, 1.20226, 7.90914
40.8, -1.93357, -11.0079, 0.529033, 0.863639, 0.117862, 0.79127, 1.17862, 7.9127
40.9, -1.88014, -10.918, 0.540688, 0.942785, 0.115463, 0.791624, 1.15463, 7.91624
41, -1.82555, -10.8202, 0.5521, 1.02197, 0.113026, 0.791975, 1.13026, 7.91975
41.1, -1.76984, -10.7144, 0.563267, 1.10118, 0.110546, 0.792325, 1.10546, 7.92325
41.2, -1.71302, -10.6007, 0.574183, 1.18044, 0.108021, 0.792674, 1.08021, 7.92674
41.3, -1.65512, -10.4791, 0.584844, 1.25972, 0.105444, 0.79302, 1.05444, 7.9302
41.4, -1.59616, -10.3496, 0.595244, 1.33904, 0.102812, 0.793366, 1.02812, 7.93366
41.5, -1.53618, -10.2121, 0.605378, 1.4184, 0.100119, 0.79371, 1.00119, 7.9371
41.6, -1.4752, -10.0667, 0.615238, 1.49779, 0.0973599, 0.794054, 0.973599, 7.94054
41.7, -1.41324, -9.91334, 0.624819, 1.57721, 0.094528, 0.794396, 0.94528, 7.94396
41.8, -1.35034, -9.75205, 0.634113, 1.65667, 0.0916168, 0.794737, 0.916168, 7.94737
41.9, -1.28652, -9.5828, 0.64311, 1.73616, 0.0886189, 0.795077, 0.886189, 7.95077
42, -1.22181, -9.40561, 0.651803, 1.81569, 0.0855265, 0.795415, 0.855265, 7.95415
42.1, -1.15625, -9.22046, 0.66018, 1.89525, 0.0823304, 0.795752, 0.823304, 7.95752
42.2, -1.08987, -9.02735, 0.668232, 1.97484, 0.079021, 0.796088, 0.79021, 7.96088
42.3, -1.0227, -8.82629, 0.675947, 2.05447, 0.0755872, 0.796421, 0.755872, 7.96421
42.4, -0.954769, -8.61726, 0.68331, 2.13413, 0.0720169, 0.796752, 0.720169, 7.96752
42.5, -0.88612, -8.40026, 0.690309, 2.21382, 0.0682962, 0.797079, 0.682962, 7.97079
42.6, -0.816788, -8.17529, 0.696926, 2.29355, 0.0644099, 0.797403, 0.644099, 7.97403
42.7, -0.746812, -7.94234, 0.703145, 2.37331, 0.0603404, 0.797721, 0.603404, 7.97721
42.8, -0.676233, -7.70142, 0.708946, 2.4531, 0.0560679, 0.798033, 0.560679, 7.98033
42.9, -0.605094, -7.45252, 0.714307, 2.53292, 0.0515698, 0.798336, 0.515698, 7.98336
43, -0.533439, -7.19564, 0.719205, 2.61277, 0.04682, 0.798629, 0.4682, 7.98629
43.1, -0.461316, -6.93077, 0.723613, 2.69264, 0.0417887, 0.798908, 0.417887, 7.98908
43.2, -0.388775, -6.65791, 0.7275, 2.77255, 0.0364408, 0.79917, 0.364408, 7.9917
43.3, -0.315871, -6.37705, 0.730834, 2.85248, 0.0307358, 0.799409, 0.307358, 7.99409
43.4, -0.242659, -6.08821, 0.733575, 2.93243, 0.0246258, 0.799621, 0.246258, 7.99621
43.5, -0.169201, -5.79137, 0.73568, 3.01241, 0.0180542, 0.799796, 0.180542, 7.99796
43.6, -0.0955634, -5.48653, 0.737099, 3.09239, 0.0109532, 0.799925, 0.109532, 7.99925
43.7, -0.0218166, -5.17369, 0.737776, 3.17239, 0.00324135, 0.799993, 0.0324135, 7.99993
43.8, 0.051962, -4.85285, 0.737643, 3.25239, -0.00518022, 0.799983, -0.0518022, 7.99983
43.9, 0.125688, -4.52401, 0.736624, 3.33238, -0.014433, 0.79987, -0.14433, 7.9987
44, 0.199269, -4.18717, 0.734626, 3.41236, -0.0246677, 0.79962, -0.246677, 7.9962
44.1, 0.272602, -3.84234, 0.731543, 3.4923, -0.0360736, 0.799186, -0.360736, 7.99186
44.2, 0.345574, -3.48951, 0.727243, 3.57218, -0.0488912, 0.798505, -0.488912, 7.98505
44.3, 0.418055, -3.1287, 0.72157, 3.65198, -0.0634313, 0.797481, -0.634313, 7.97481
44.4, 0.4899, -2.75992, 0.71433, 3.73165, -0.0801012, 0.79598, -0.801012, 7.9598
44.5, 0.560942, -2.38318, 0.705281, 3.81113, -0.0994449, 0.793795, -0.994449, 7.93795
44.6, 0.630986, -1.9985, 0.694116, 3.89035, -0.122202, 0.790612, -1.22202, 7.90612
44.7, 0.699805, -1.60591, 0.680442, 3.96917, -0.149399, 0.785926, -1.49399, 7.85926
44.8, 0.767125, -1.20547, 0.663738, 4.0474, -0.182489, 0.778908, -1.82489, 7.78908
44.9, 0.832614, -0.797239, 0.643307, 4.12473, -0.223573, 0.768124, -2.23573, 7.68124
45, 0.895858, -0.381334, 0.618189, 4.20067, -0.275709, 0.750989, -2.75709, 7.50989
45.1, 0.956332, 0.042072, 0.587051, 4.27433, -0.343287, 0.722602, -3.43287, 7.22602
45.2, 1.01336, 0.472687, 0.548041, 4.34411, -0.432031, 0.673312, -4.32031, 6.73312
45.3, 1.06604, 0.910003, 0.498753, 4.40698, -0.546566, 0.584179, -5.46566, 5.84179
45.4, 1.11324, 1.3531, 0.436855, 4.4573, -0.678831, 0.423307, -6.78831, 4.23307
45.5, 1.15367, 1.80035, 0.362716, 4.48625, -0.782509, 0.166371, -7.82509, 1.66371
45.6, 1.18636, 2.24922, 0.283195, 4.48616, -0.788334, -0.136121, -7.88334, -1.36121
45.7, 1.21125, 2.69678, 0.208533, 4.45838, -0.704106, -0.379782, -7.04106, -3.79782
45.8, 1.22911, 3.14063, 0.144058, 4.41131, -0.596659, -0.532915, -5.96659, -5.32915
45.9, 1.241, 3.57919, 0.0897269, 4.35271, -0.50261, -0.622401, -5.0261, -6.22401
46, 1.24784, 4.01156, 0.0437131, 4.28732, -0.42818, -0.675768, -4.2818, -6.75768
46.1, 1.25039, 4.43719, 0.00420034, 4.21778, -0.370232, -0.709174, -3.70232, -7.09174
46.2, 1.24922, 4.85574, -0.0302282, 4.14558, -0.324635, -0.731172, -3.24635, -7.31172
46.3, 1.2448, 5.26698, -0.0606184, 4.07159, -0.288097, -0.746325, -2.88097, -7.46325
46.4, 1.23749, 5.67076, -0.0877391, 3.99633, -0.258251, -0.75717, -2.58251, -7.5717
46.5, 1.2276, 6.06697, -0.112163, 3.92015, -0.233429, -0.765187, -2.33429, -7.65187
46.6, 1.21537, 6.45553, -0.134324, 3.84329, -0.212451, -0.771275, -2.12451, -7.71275
46.7, 1.20101, 6.83638, -0.154558, 3.76589, -0.194466, -0.776005, -1.94466, -7.76005
46.8, 1.18471, 7.20947, -0.173129, 3.68808, -0.178851, -0.779751, -1.78851, -7.79751
46.9, 1.16661, 7.57477, -0.190246, 3.60993, -0.165144, -0.782769, -1.65144, -7.82769
47, 1.14686, 7.93223, -0.20608, 3.53151, -0.152991, -0.785235, -1.52991, -7.85235
47.1, 1.12559, 8.28185, -0.220772, 3.45287, -0.142122, -0.787275, -1.42122, -7.87275
47.2, 1.10289, 8.62359, -0.234437, 3.37405, -0.132325, -0.78898, -1.32325, -7.8898
47.3, 1.07886, 8.95744, -0.247174, 3.29507, -0.123433, -0.79042, -1.23433, -7.9042
47.4, 1.0536, 9.28339, -0.259064, 3.21596, -0.115309, -0.791646, -1.15309, -7.91646
47.5, 1.02719, 9.60142, -0.27018, 3.13674, -0.107845, -0.792698, -1.07845, -7.92698
47.6, 0.999698, 9.91153, -0.280581, 3.05742, -0.100951, -0.793605, -1.00951, -7.93605
47.7, 0.971197, 10.2137, -0.29032, 2.97801, -0.0945535, -0.794393, -0.945535, -7.94393
47.8, 0.941749, 10.5079, -0.299444, 2.89853, -0.0885897, -0.79508, -0.885897, -7.9508
47.9, 0.911416, 10.7942, -0.307993, 2.81899, -0.0830079, -0.795682, -0.830079, -7.95682
48, 0.880252, 11.0725, -0.316003, 2.73939, -0.0777637, -0.796212, -0.777637, -7.96212
48.1, 0.84831, 11.3429, -0.323505, 2.65975, -0.0728196, -0.796679, -0.728196, -7.96679
48.2, 0.815639, 11.6053, -0.330528, 2.58006, -0.0681432, -0.797093, -0.681432, -7.97093
48.3, 0.782287, 11.8597, -0.337096, 2.50033, -0.0637063, -0.797459, -0.637063, -7.97459
48.4, 0.748298, 12.1061, -0.343233, 2.42056, -0.0594847, -0.797785, -0.594847, -7.97785
48.5, 0.713714, 12.3446, -0.348958, 2.34077, -0.0554571, -0.798076, -0.554571, -7.98076
48.6, 0.678575, 12.5751, -0.354291, 2.26095, -0.0516048, -0.798334, -0.516048, -7.98334
48.7, 0.64292, 12.7976, -0.359247, 2.1811, -0.0479113, -0.798564, -0.479113, -7.98564
48.8, 0.606785, 13.0121, -0.363842, 2.10123, -0.0443621, -0.798769, -0.443621, -7.98769
48.9, 0.570207, 13.2186, -0.368089, 2.02134, -0.0409441, -0.798952, -0.409441, -7.98952
49, 0.533219, 13.4172, -0.372001, 1.94144, -0.0376457, -0.799114, -0.376457, -7.99114
49.1, 0.495855, 13.6077, -0.375589, 1.86152, -0.0344564, -0.799258, -0.344564, -7.99258
49.2, 0.458146, 13.7903, -0.378864, 1.78159, -0.0313668, -0.799385, -0.313668, -7.99385
49.3, 0.420124, 13.9648, -0.381835, 1.70164, -0.0283684, -0.799497, -0.283684, -7.99497
49.4, 0.381818, 14.1314, -0.384511, 1.62169, -0.0254535, -0.799595, -0.254535, -7.99595
49.5, 0.343257, 14.29, -0.3869, 1.54172, -0.0226151, -0.79968, -0.226151, -7.9968
49.6, 0.30447, 14.4405, -0.389008, 1.46175, -0.0198466, -0.799754, -0.198466, -7.99754
49.7, 0.265484, 14.5831, -0.390844, 1.38177, -0.0171421, -0.799816, -0.171421, -7.99816
49.8, 0.226327, 14.7177, -0.392412, 1.30179, -0.0144963, -0.799869, -0.144963, -7.99869
49.9, 0.187025, 14.8443, -0.393719, 1.2218, -0.011904, -0.799911, -0.11904, -7.99911
50, 0.147603, 14.9628, -0.394769, 1.14181, -0.00936056, -0.799945, -0.0936056, -7.99945
50.1, 0.108089, 15.0734, -0.395567, 1.06181, -0.00686162, -0.799971, -0.0686162, -7.99971
50.2, 0.068505, 15.176, -0.396118, 0.981811, -0.0044031, -0.799988, -0.044031, -7.99988
50.3, 0.0288775, 15.2706, -0.396424, 0.901812, -0.00198116, -0.799998, -0.0198116, -7.99998
50.4, -0.0107699, 15.3572, -0.396491, 0.821812, 0.000407824, -0.8, 0.00407824, -8
50.5, -0.0504133, 15.4357, -0.39632, 0.741812, 0.00276727, -0.799995, 0.0276727, -7.99995
50.6, -0.090029, 15.5063, -0.395915, 0.661813, 0.00510044, -0.799984, 0.0510044, -7.99984
50.7, -0.129594, 15.5689, -0.395278, 0.581816, 0.00741044, -0.799966, 0.0741044, -7.99966
50.8, -0.169084, 15.6235, -0.39441, 0.50182, 0.00970024, -0.799941, 0.0970024, -7.99941
50.9, -0.208478, 15.6701, -0.393315, 0.421828, 0.0119727, -0.79991, 0.119727, -7.9991
51, -0.247752, 15.7087, -0.391994, 0.341839, 0.0142307, -0.799873, 0.142307, -7.99873
51.1, -0.286884, 15.7392, -0.390447, 0.261854, 0.0164768, -0.79983, 0.164768, -7.9983
51.2, -0.32585, 15.7618, -0.388676, 0.181873, 0.0187137, -0.799781, 0.187137, -7.99781
51.3, -0.36463, 15.7764, -0.386682, 0.101898, 0.020944, -0.799726, 0.20944, -7.99726
51.4, -0.4032, 15.783, -0.384465, 0.0219289, 0.0231702, -0.799664, 0.231702, -7.99664
51.5, -0.441539, 15.7816, -0.382026, -0.0580338, 0.025395, -0.799597, 0.25395, -7.99597
51.6, -0.479624, 15.7722, -0.379364, -0.13799, 0.0276208, -0.799523, 0.276208, -7.99523
51.7, -0.517432, 15.7548, -0.376479, -0.217937, 0.0298501, -0.799443, 0.298501, -7.99443
51.8, -0.554942, 15.7294, -0.373371, -0.297877, 0.0320856, -0.799356, 0.320856, -7.99356
51.9, -0.592131, 15.696, -0.37004, -0.377808, 0.0343297, -0.799263, 0.343297, -7.99263
52, -0.628977, 15.6547, -0.366483, -0.457728, 0.0365852, -0.799163, 0.365852, -7.99163
52.1, -0.665457, 15.6053, -0.362699, -0.537639, 0.0388548, -0.799056, 0.388548, -7.99056
52.2, -0.701548, 15.5479, -0.358688, -0.617538, 0.0411411, -0.798941, 0.411411, -7.98941
52.3, -0.737228, 15.4826, -0.354448, -0.697426, 0.043447, -0.798819, 0.43447, -7.98819
52.4, -0.772473, 15.4092, -0.349975, -0.777301, 0.0457755, -0.798689, 0.457755, -7.98689
52.5, -0.807261, 15.3279, -0.345268, -0.857162, 0.0481298, -0.798551, 0.481298, -7.98551
52.6, -0.841567, 15.2386, -0.340324, -0.937009, 0.0505129, -0.798404, 0.505129, -7.98404
52.7, -0.875369, 15.1413, -0.335141, -1.01684, 0.0529283, -0.798247, 0.529283, -7.98247
52.8, -0.90864, 15.036, -0.329713, -1.09666, 0.0553796, -0.798081, 0.553796, -7.98081
52.9, -0.941358, 14.9228, -0.324039, -1.17646, 0.0578705, -0.797904, 0.578705, -7.97904
53, -0.973498, 14.8015, -0.318113, -1.25624, 0.0604051, -0.797716, 0.604051, -7.97716
53.1, -1.00503, 14.6723, -0.31193, -1.336, 0.0629877, -0.797516, 0.629877, -7.97516
53.2, -1.03594, 14.5351, -0.305487, -1.41574, 0.0656229, -0.797304, 0.656229, -7.97304
53.3, -1.06619, 14.39, -0.298777, -1.49545, 0.0683158, -0.797078, 0.683158, -7.97078
53.4, -1.09575, 14.2368, -0.291795, -1.57515, 0.0710715, -0.796837, 0.710715, -7.96837
53.5, -1.12461, 14.0757, -0.284533, -1.65482, 0.0738961, -0.79658, 0.738961, -7.9658
53.6, -1.15272, 13.9067, -0.276984, -1.73446, 0.0767958, -0.796305, 0.767958, -7.96305
53.7, -1.18007, 13.7297, -0.269141, -1.81408, 0.0797775, -0.796012, 0.797775, -7.96012
53.8, -1.20662, 13.5447, -0.260996, -1.89366, 0.0828488, -0.795698, 0.828488, -7.95698
53.9, -1.23234, 13.3517, -0.252537, -1.97321, 0.0860181, -0.795362, 0.860181, -7.95362
54, -1.2572, 13.1508, -0.243756, -2.05273, 0.0892946, -0.795001, 0.892946, -7.95001
54.1, -1.28117, 12.942, -0.234641, -2.13221, 0.0926885, -0.794612, 0.926885, -7.94612
54.2, -1.30421, 12.7252, -0.225179, -2.21165, 0.0962113, -0.794194, 0.962113, -7.94194
54.3, -1.32629, 12.5004, -0.215358, -2.29104, 0.0998755, -0.793741, 0.998755, -7.93741
54.4, -1.34737, 12.2678, -0.205162, -2.37039, 0.103695, -0.793251, 1.03695, -7.93251
54.5, -1.36742, 12.0272, -0.194574, -2.44968, 0.107687, -0.792719, 1.07687, -7.92719
54.6, -1.38638, 11.7786, -0.183577, -2.52892, 0.111869, -0.79214, 1.11869, -7.9214
54.7, -1.40423, 11.5222, -0.17215, -2.6081, 0.116262, -0.791507, 1.16262, -7.91507
54.8, -1.42091, 11.2578, -0.160272, -2.68722, 0.120889, -0.790813, 1.20889, -7.90813
54.9, -1.43639, 10.9855, -0.147916, -2.76626, 0.125777, -0.790051, 1.25777, -7.90051
55, -1.45061, 10.7053, -0.135056, -2.84522, 0.130959, -0.789208, 1.30959, -7.89208
55.1, -1.46351, 10.4173, -0.12166, -2.92409, 0.13647, -0.788274, 1.3647, -7.88274
55.2, -1.47506, 10.1213, -0.107693, -3.00286, 0.142353, -0.787233, 1.42353, -7.87233
55.3, -1.48517, 9.81748, -0.0931145, -3.08152, 0.148658, -0.786067, 1.48658, -7.86067
55.4, -1.49381, 9.50579, -0.0778796, -3.16005, 0.155446, -0.784753, 1.55446, -7.84753
55.5, -1.50088, 9.18626, -0.0619361, -3.23845, 0.162787, -0.783263, 1.62787, -7.83263
55.6, -1.50633, 8.85889, -0.0452242, -3.31668, 0.170767, -0.781562, 1.70767, -7.81562
55.7, -1.51007, 8.52371, -0.0276743, -3.39473, 0.179491, -0.779604, 1.79491, -7.79604
55.8, -1.51202, 8.18073, -0.00920516, -3.47257, 0.189088, -0.777332, 1.89088, -7.77332
55.9, -1.51207, 7.82998, 0.0102789, -3.55016, 0.199716, -0.77467, 1.99716, -7.7467
56, -1.51012, 7.47148, 0.0308918, -3.62746, 0.211578, -0.771515, 2.11578, -7.71515
56.1, -1.50606, 7.10527, 0.0527703, -3.70441, 0.224928, -0.767729, 2.24928, -7.67729
56.2, -1.49975, 6.73138, 0.0760808, -3.78094, 0.240097, -0.763121, 2.40097, -7.63121
56.3, -1.49103, 6.34986, 0.101028, -3.85695, 0.257518, -0.75742, 2.57518, -7.5742
56.4, -1.47974, 5.96077, 0.127867, -3.93231, 0.277769, -0.75023, 2.77769, -7.5023
56.5, -1.46566, 5.56418, 0.156923, -4.00684, 0.301632, -0.740958, 3.01632, -7.40958
56.6, -1.44857, 5.16018, 0.188612, -4.08029, 0.330186, -0.728682, 3.30186, -7.28682
56.7, -1.42817, 4.7489, 0.223484, -4.15228, 0.364935, -0.711914, 3.64935, -7.11914
56.8, -1.40411, 4.3305, 0.262266, -4.22224, 0.407986, -0.688148, 4.07986, -6.88148
56.9, -1.37596, 3.90523, 0.305941, -4.28924, 0.462213, -0.652962, 4.62213, -6.52962
57, -1.34318, 3.47345, 0.355816, -4.35174, 0.531122, -0.598256, 5.31122, -5.98256
57.1, -1.30507, 3.03571, 0.413521, -4.40703, 0.617171, -0.509018, 6.17171, -5.09018
57.2, -1.26078, 2.59294, 0.480574, -4.45035, 0.71449, -0.359866, 7.1449, -3.59866
57.3, -1.20937, 2.14663, 0.556613, -4.47413, 0.790256, -0.124479, 7.90256, -1.24479
57.4, -1.15012, 1.69914, 0.636055, -4.47038, 0.781069, 0.173005, 7.81069, 1.73005
57.5, -1.08315, 1.25334, 0.708789, -4.43806, 0.672547, 0.433222, 6.72547, 4.33222
57.6, -1.00947, 0.811798, 0.768266, -4.38491, 0.531478, 0.597939, 5.31478, 5.97939
57.7, -0.93047, 0.376169, 0.814418, -4.31971, 0.408467, 0.687862, 4.08467, 6.87862
57.8, -0.847358, -0.0526147, 0.849818, -4.24803, 0.313393, 0.73606, 3.13393, 7.3606
57.9, -0.761093, -0.474055, 0.877035, -4.17283, 0.241407, 0.762707, 2.41407, 7.62707
58, -0.6724, -0.887878, 0.898024, -4.09565, 0.186212, 0.778026, 1.86212, 7.78026
58.1, -0.581835, -1.29393, 0.914184, -4.01731, 0.142965, 0.787122, 1.42965, 7.87122
58.2, -0.489834, -1.6921, 0.926514, -3.93827, 0.108304, 0.792635, 1.08304, 7.92635
58.3, -0.396744, -2.08236, 0.93574, -3.85881, 0.0799391, 0.795996, 0.799391, 7.95996
58.4, -0.302851, -2.46465, 0.9424, -3.77909, 0.0562929, 0.798017, 0.562929, 7.98017
58.5, -0.208392, -2.83897, 0.946901, -3.69922, 0.036258, 0.799178, 0.36258, 7.99178
58.6, -0.113568, -3.20529, 0.949559, -3.61927, 0.0190407, 0.799773, 0.190407, 7.99773
58.7, -0.0185524, -3.56362, 0.950623, -3.53928, 0.00406036, 0.79999, 0.0406036, 7.9999
58.8, 0.0765057, -3.91395, 0.950291, -3.45928, -0.00911644, 0.799948, -0.0911644, 7.99948
58.9, 0.171474, -4.25628, 0.948724, -3.37929, -0.0208189, 0.799729, -0.208189, 7.99729
59, 0.266235, -4.59061, 0.946057, -3.29934, -0.0313013, 0.799387, -0.313013, 7.99387
59.1, 0.360684, -4.91695, 0.942399, -3.21942, -0.0407629, 0.798961, -0.407629, 7.98961
59.2, 0.454726, -5.23529, 0.937843, -3.13955, -0.049362, 0.798476, -0.49362, 7.98476
59.3, 0.548275, -5.54566, 0.932468, -3.05973, -0.0572258, 0.797951, -0.572258, 7.97951
59.4, 0.641252, -5.84804, 0.926343, -2.97997, -0.0644578, 0.797399, -0.644578, 7.97399
59.5, 0.733585, -6.14245, 0.919526, -2.90026, -0.0711431, 0.79683, -0.711431, 7.9683
59.6, 0.825207, -6.42889, 0.912066, -2.82061, -0.077352, 0.796252, -0.77352, 7.96252
59.7, 0.916056, -6.70737, 0.904009, -2.74102, -0.0831436, 0.795668, -0.831436, 7.95668
59.8, 1.00607, -6.97789, 0.895394, -2.66148, -0.0885675, 0.795082, -0.885675, 7.95082
59.9, 1.09521, -7.24046, 0.886254, -2.58201, -0.0936658, 0.794498, -0.936658, 7.94498
60, 1.1834, -7.49509, 0.876621, -2.50259, -0.0984747, 0.793916, -0.984747, 7.93916
60.1, 1.27061, -7.74178, 0.866521, -2.42323, -0.103025, 0.793338, -1.03025, 7.93338
60.2, 1.35679, -7.98053, 0.855979, -2.34393, -0.107344, 0.792766, -1.07344, 7.92766
60.3, 1.4419, -8.21136, 0.845017, -2.26468, -0.111455, 0.792198, -1.11455, 7.92198
60.4, 1.5259, -8.43426, 0.833654, -2.18549, -0.115377, 0.791636, -1.15377, 7.91636
60.5, 1.60874, -8.64925, 0.821909, -2.10636, -0.11913, 0.79108, -1.1913, 7.9108
60.6, 1.69038, -8.85633, 0.809797, -2.02728, -0.122729, 0.79053, -1.22729, 7.9053
60.7, 1.77081, -9.0555, 0.797332, -1.94826, -0.126188, 0.789985, -1.26188, 7.89985
60.8, 1.84997, -9.24677, 0.784529, -1.86929, -0.129519, 0.789446, -1.29519, 7.89446
60.9, 1.92783, -9.43015, 0.7714, -1.79037, -0.132735, 0.788912, -1.32735, 7.88912
61, 2.00437, -9.60563, 0.757954, -1.71151, -0.135844, 0.788382, -1.35844, 7.88382
61.1, 2.07955, -9.77324, 0.744203, -1.6327, -0.138856, 0.787857, -1.38856, 7.87857
61.2, 2.15334, -9.93296, 0.730156, -1.55395, -0.14178, 0.787336, -1.4178, 7.87336
61.3, 2.22571, -10.0848, 0.715821, -1.47524, -0.144622, 0.786819, -1.44622, 7.86819
61.4, 2.29664, -10.2288, 0.701206, -1.39659, -0.14739, 0.786305, -1.4739, 7.86305
61.5, 2.36609, -10.3649, 0.686318, -1.31798, -0.15009, 0.785795, -1.5009, 7.85795
61.6, 2.43404, -10.4932, 0.671164, -1.23943, -0.152727, 0.785286, -1.52727, 7.85286
61.7, 2.50047, -10.6136, 0.655749, -1.16093, -0.155307, 0.78478, -1.55307, 7.8478
61.8, 2.56534, -10.7262, 0.640079, -1.08248, -0.157834, 0.784276, -1.57834, 7.84276
61.9, 2.62863, -10.8309, 0.624159, -1.00408, -0.160314, 0.783773, -1.60314, 7.83773
62, 2.69032, -10.9278, 0.607993, -0.925732, -0.16275, 0.78327, -1.6275, 7.8327
62.1, 2.75039, -11.0168, 0.591586, -0.847433, -0.165147, 0.782769, -1.65147, 7.82769
62.2, 2.8088, -11.098, 0.574941, -0.769184, -0.167508, 0.782267, -1.67508, 7.82267
62.3, 2.86553, -11.1714, 0.558062, -0.690985, -0.169836, 0.781764, -1.69836, 7.81764
62.4, 2.92057, -11.237, 0.540952, -0.612836, -0.172135, 0.781261, -1.72135, 7.81261
62.5, 2.97389, -11.2948, 0.523613, -0.534737, -0.174409, 0.780757, -1.74409, 7.80757
62.6, 3.02546, -11.3447, 0.506048, -0.456689, -0.17666, 0.780251, -1.7666, 7.80251
62.7, 3.07527, -11.3869, 0.488259, -0.378692, -0.17889, 0.779742, -1.7889, 7.79742
62.8, 3.12328, -11.4213, 0.470248, -0.300746, -0.181104, 0.779231, -1.81104, 7.79231
62.9, 3.16949, -11.4478, 0.452017, -0.222851, -0.183303, 0.778717, -1.83303, 7.78717
63, 3.21386, -11.4666, 0.433566, -0.145008, -0.18549, 0.778199, -1.8549, 7.78199
63.1, 3.25638, -11.4776, 0.414897, -0.0672168, -0.187668, 0.777677, -1.87668, 7.77677
63.2, 3.29702, -11.4808, 0.396011, 0.0105219, -0.189839, 0.777149, -1.89839, 7.77149
63.3, 3.33577, -11.4763, 0.376908, 0.0882076, -0.192005, 0.776617, -1.92005, 7.76617
63.4, 3.37259, -11.464, 0.357588, 0.16584, -0.19417, 0.776079, -1.9417, 7.76079
63.5, 3.40747, -11.4439, 0.338052, 0.243418, -0.196335, 0.775534, -1.96335, 7.75534
63.6, 3.44039, -11.4161, 0.3183, 0.320941, -0.198503, 0.774982, -1.98503, 7.74982
63.7, 3.47132, -11.3805, 0.29833, 0.398408, -0.200677, 0.774422, -2.00677, 7.74422
63.8, 3.50025, -11.3372, 0.278142, 0.475819, -0.202859, 0.773853, -2.02859, 7.73853
63.9, 3.52715, -11.2861, 0.257736, 0.553173, -0.205051, 0.773275, -2.05051, 7.73275
64, 3.55199, -11.2273, 0.237109, 0.630468, -0.207256, 0.772687, -2.07256, 7.72687
64.1, 3.57477, -11.1608, 0.216262, 0.707704, -0.209477, 0.772088, -2.09477, 7.72088
64.2, 3.59545, -11.0865, 0.195191, 0.784879, -0.211717, 0.771477, -2.11717, 7.71477
64.3, 3.61401, -11.0046, 0.173895, 0.861992, -0.213977, 0.770853, -2.13977, 7.70853
64.4, 3.63043, -10.9149, 0.152372, 0.939043, -0.216262, 0.770215, -2.16262, 7.70215
64.5, 3.64469, -10.8175, 0.130619, 1.01603, -0.218575, 0.769562, -2.18575, 7.69562
64.6, 3.65677, -10.7125, 0.108633, 1.09295, -0.220918, 0.768892, -2.20918, 7.68892
64.7, 3.66663, -10.5997, 0.0864106, 1.1698, -0.223295, 0.768205, -2.23295, 7.68205
64.8, 3.67427, -10.4793, 0.0639486, 1.24658, -0.225709, 0.767499, -2.25709, 7.67499
64.9, 3.67964, -10.3512, 0.041243, 1.32329, -0.228166, 0.766773, -2.28166, 7.66773
65, 3.68274, -10.2154, 0.0182892, 1.39993, -0.230667, 0.766024, -2.30667, 7.66024
65.1, 3.68352, -10.072, -0.00491746, 1.47649, -0.233219, 0.765251, -2.33219, 7.65251
65.2, 3.68198, -9.92087, -0.0283823, 1.55297, -0.235826, 0.764452, -2.35826, 7.64452
65.3, 3.67807, -9.76213, -0.052111, 1.62937, -0.238492, 0.763624, -2.38492, 7.63624
65.4, 3.67178, -9.59576, -0.0761099, 1.70568, -0.241224, 0.762765, -2.41224, 7.62765
65.5, 3.66308, -9.42176, -0.100386, 1.78191, -0.244027, 0.761873, -2.44027, 7.61873
65.6, 3.65194, -9.24014, -0.124946, 1.85805, -0.246909, 0.760944, -2.46909, 7.60944
65.7, 3.63833, -9.05091, -0.1498, 1.93409, -0.249875, 0.759975, -2.49875, 7.59975
65.8, 3.62222, -8.85409, -0.174955, 2.01003, -0.252935, 0.758963, -2.52935, 7.58963
65.9, 3.60358, -8.64967, -0.200421, 2.08587, -0.256096, 0.757902, -2.56096, 7.57902
66, 3.58238, -8.43767, -0.22621, 2.1616, -0.259369, 0.756788, -2.59369, 7.56788
66.1, 3.55859, -8.21811, -0.252332, 2.23721, -0.262764, 0.755616, -2.62764, 7.55616
66.2, 3.53217, -7.99099, -0.278802, 2.31271, -0.266294, 0.754379, -2.66294, 7.54379
66.3, 3.50308, -7.75633, -0.305632, 2.38808, -0.269971, 0.753071, -2.69971, 7.53071
66.4, 3.4713, -7.51413, -0.332839, 2.46331, -0.273811, 0.751683, -2.73811, 7.51683
66.5, 3.43678, -7.26442, -0.36044, 2.53839, -0.277831, 0.750207, -2.77831, 7.50207
66.6, 3.39948, -7.00721, -0.388453, 2.61333, -0.28205, 0.74863, -2.8205, 7.4863
66.7, 3.35935, -6.74251, -0.4169, 2.6881, -0.286492, 0.746942, -2.86492, 7.46942
66.8, 3.31637, -6.47034, -0.445805, 2.7627, -0.29118, 0.745127, -2.9118, 7.45127
66.9, 3.27047, -6.19072, -0.475194, 2.8371, -0.296144, 0.743168, -2.96144, 7.43168
67, 3.22161, -5.90367, -0.505096, 2.9113, -0.30142, 0.741044, -3.0142, 7.41044
67.1, 3.16973, -5.60921, -0.535544, 2.98528, -0.307045, 0.738731, -3.07045, 7.38731
67.2, 3.11479, -5.30736, -0.566576, 3.05902, -0.313067, 0.736199, -3.13067, 7.36199
67.3, 3.05671, -4.99815, -0.598235, 3.13249, -0.319542, 0.733412, -3.19542, 7.33412
67.4, 2.99544, -4.68161, -0.630569, 3.20566, -0.326535, 0.730325, -3.26535, 7.30325
67.5, 2.9309, -4.35776, -0.663635, 3.27851, -0.334126, 0.726884, -3.34126, 7.26884
67.6, 2.86302, -4.02664, -0.697497, 3.35099, -0.34241, 0.723018, -3.4241, 7.23018
67.7, 2.79171, -3.6883, -0.732231, 3.42305, -0.351505, 0.71864, -3.51505, 7.1864
67.8, 2.71689, -3.34277, -0.767926, 3.49465, -0.361557, 0.713636, -3.61557, 7.13636
67.9, 2.63845, -2.9901, -0.804687, 3.5657, -0.372748, 0.707855, -3.72748, 7.07855
68, 2.55629, -2.63036, -0.84264, 3.63612, -0.385307, 0.701098, -3.85307, 7.01098
68.1, 2.47027, -2.2636, -0.881938, 3.7058, -0.399528, 0.693092, -3.99528, 6.93092
68.2, 2.38025, -1.88992, -0.922767, 3.7746, -0.415796, 0.683457, -4.15796, 6.83457
68.3, 2.28607, -1.5094, -0.965357, 3.84232, -0.434611, 0.67165, -4.34611, 6.7165
68.4, 2.18755, -1.12217, -1.01, 3.9087, -0.456643, 0.656869, -4.56643, 6.56869
68.5, 2.08445, -0.728372, -1.05706, 3.97338, -0.482789, 0.637899, -4.82789, 6.37899
68.6, 1.97652, -0.328201, -1.10702, 4.03585, -0.51425, 0.612819, -5.1425, 6.12819
68.7, 1.86344, 0.0780896, -1.16049, 4.09534, -0.552597, 0.578477, -5.52597, 5.78477
68.8, 1.74483, 0.490153, -1.21826, 4.15065, -0.599693, 0.529498, -5.99693, 5.29498
68.9, 1.62022, 0.907493, -1.2813, 4.19983, -0.65701, 0.45644, -6.5701, 4.5644
69, 1.48903, 1.32936, -1.35058, 4.23966, -0.722747, 0.342983, -7.22747, 3.42983
69.1, 1.35061, 1.75461, -1.42632, 4.26481, -0.782759, 0.16519, -7.82759, 1.6519
69.2, 1.2044, 2.18144, -1.50591, 4.26785, -0.79487, -0.0904495, -7.9487, -0.904495
69.3, 1.05034, 2.60734, -1.58146, 4.24299, -0.706898, -0.37456, -7.06898, -3.7456
69.4, 0.889265, 3.02956, -1.64332, 4.19286, -0.5407, -0.589613, -5.407, -5.89613
69.5, 0.722788, 3.44596, -1.68794, 4.12671, -0.372736, -0.707861, -3.72736, -7.07861
69.6, 0.552552, 3.85534, -1.71757, 4.05252, -0.239615, -0.763272, -2.39615, -7.63272
69.7, 0.379892, 4.25711, -1.73587, 3.97469, -0.141077, -0.787462, -1.41077, -7.87462
69.8, 0.205799, 4.65101, -1.74579, 3.89533, -0.068129, -0.797094, -0.68129, -7.97094
69.9, 0.0310113, 5.03695, -1.74944, 3.81543, -0.0129384, -0.799895, -0.129384, -7.99895
70, -0.143916, 5.4149, -1.7483, 3.73545, 0.0299259, -0.79944, 0.299259, -7.9944
70.1, -0.318552, 5.78485, -1.74336, 3.65561, 0.0640614, -0.797431, 0.640614, -7.97431
70.2, -0.492552, 6.14682, -1.73538, 3.57601, 0.0918604, -0.794709, 0.918604, -7.94709
70.3, -0.665637, 6.50085, -1.7249, 3.4967, 0.114944, -0.791699, 1.14944, -7.91699
70.4, -0.837576, 6.84696, -1.7123, 3.4177, 0.134439, -0.788623, 1.34439, -7.88623
70.5, -1.00817, 7.18519, -1.69792, 3.33901, 0.151146, -0.785592, 1.51146, -7.85592
70.6, -1.17726, 7.51556, -1.68199, 3.26061, 0.165647, -0.782663, 1.65647, -7.82663
70.7, -1.34469, 7.83811, -1.66471, 3.1825, 0.178374, -0.779861, 1.78374, -7.79861
70.8, -1.51034, 8.15285, -1.64624, 3.10466, 0.189656, -0.777194, 1.89656, -7.77194
70.9, -1.6741, 8.45982, -1.62672, 3.02708, 0.199743, -0.774663, 1.99743, -7.74663
71, -1.83585, 8.75905, -1.60623, 2.94975, 0.208833, -0.772262, 2.08833, -7.72262
71.1, -1.99552, 9.05055, -1.58489, 2.87265, 0.217083, -0.769984, 2.17083, -7.69984
71.2, -2.15302, 9.33436, -1.56276, 2.79577, 0.224616, -0.76782, 2.24616, -7.6782
71.3, -2.30828, 9.61048, -1.53992, 2.7191, 0.231535, -0.765762, 2.31535, -7.65762
71.4, -2.46121, 9.87895, -1.51641, 2.64263, 0.237923, -0.763801, 2.37923, -7.63801
71.5, -2.61177, 10.1398, -1.49228, 2.56636, 0.243849, -0.76193, 2.43849, -7.6193
71.6, -2.7599, 10.393, -1.46759, 2.49026, 0.249371, -0.760141, 2.49371, -7.60141
71.7, -2.90552, 10.6386, -1.44237, 2.41434, 0.254536, -0.758427, 2.54536, -7.58427
71.8, -3.04861, 10.8766, -1.41665, 2.33859, 0.259387, -0.756782, 2.59387, -7.56782
71.9, -3.1891, 11.1071, -1.39045, 2.263, 0.263957, -0.7552, 2.63957, -7.552
72, -3.32695, 11.33, -1.36382, 2.18757, 0.268278, -0.753676, 2.68278, -7.53676
72.1, -3.46212, 11.5453, -1.33676, 2.11228, 0.272375, -0.752205, 2.72375, -7.52205
72.2, -3.59456, 11.7532, -1.30931, 2.03714, 0.276271, -0.750782, 2.76271, -7.50782
72.3, -3.72424, 11.9535, -1.28148, 1.96214, 0.279986, -0.749405, 2.79986, -7.49405
72.4, -3.85112, 12.1464, -1.25328, 1.88727, 0.283538, -0.748068, 2.83538, -7.48068
72.5, -3.97517, 12.3317, -1.22474, 1.81253, 0.28694, -0.74677, 2.8694, -7.4677
72.6, -4.09635, 12.5096, -1.19587, 1.73793, 0.290208, -0.745506, 2.90208, -7.45506
72.7, -4.21462, 12.6801, -1.16667, 1.66344, 0.293353, -0.744274, 2.93353, -7.44274
72.8, -4.32996, 12.8431, -1.13717, 1.58908, 0.296386, -0.743072, 2.96386, -7.43072
72.9, -4.44234, 12.9986, -1.10737, 1.51484, 0.299317, -0.741896, 2.99317, -7.41896
73, -4.55173, 13.1468, -1.07728, 1.44072, 0.302154, -0.740745, 3.02154, -7.40745
73.1, -4.65809, 13.2875, -1.04691, 1.3667, 0.304905, -0.739617, 3.04905, -7.39617
73.2, -4.76141, 13.4209, -1.01627, 1.2928, 0.307578, -0.738509, 3.07578, -7.38509
73.3, -4.86164, 13.5468, -0.985371, 1.21901, 0.31018, -0.73742, 3.1018, -7.3742
73.4, -4.95878, 13.6654, -0.954214, 1.14533, 0.312715, -0.736349, 3.12715, -7.36349
73.5, -5.05279, 13.7766, -0.922805, 1.07175, 0.31519, -0.735293, 3.1519, -7.35293
73.6, -5.14365, 13.8805, -0.891153, 0.99828, 0.317609, -0.734251, 3.17609, -7.34251
73.7, -5.23133, 13.977, -0.859261, 0.924912, 0.319978, -0.733222, 3.19978, -7.33222
73.8, -5.31581, 14.0662, -0.827135, 0.851646, 0.3223, -0.732204, 3.223, -7.32204
73.9, -5.39707, 14.1481, -0.79478, 0.778481, 0.324581, -0.731196, 3.24581, -7.31196
74, -5.47509, 14.2227, -0.762198, 0.705416, 0.326822, -0.730197, 3.26822, -7.30197
74.1, -5.54983, 14.2899, -0.729394, 0.632451, 0.329028, -0.729205, 3.29028, -7.29205
74.2, -5.62129, 14.3499, -0.696372, 0.559585, 0.331203, -0.72822, 3.31203, -7.2822
74.3, -5.68943, 14.4026, -0.663133, 0.486817, 0.333349, -0.72724, 3.33349, -7.2724
74.4, -5.75424, 14.448, -0.629681, 0.414146, 0.33547, -0.726264, 3.3547, -7.26264
74.5, -5.8157, 14.4861, -0.596019, 0.341573, 0.337567, -0.725292, 3.37567, -7.25292
74.6, -5.87378, 14.517, -0.562147, 0.269098, 0.339645, -0.724321, 3.39645, -7.24321
74.7, -5.92846, 14.5407, -0.52807, 0.196719, 0.341705, -0.723352, 3.41705, -7.23352
74.8, -5.97972, 14.5571, -0.493786, 0.124437, 0.343751, -0.722382, 3.43751, -7.22382
74.9, -6.02755, 14.5663, -0.459299, 0.0522523, 0.345783, -0.721411, 3.45783, -7.21411
75, -6.07192, 14.5683, -0.42461, -0.0198353, 0.347806, -0.720438, 3.47806, -7.20438
75.1, -6.11282, 14.563, -0.389718, -0.0918255, 0.349821, -0.719462, 3.49821, -7.19462
75.2, -6.15021, 14.5506, -0.354626, -0.163718, 0.35183, -0.718481, 3.5183, -7.18481
75.3, -6.18409, 14.531, -0.319332, -0.235512, 0.353837, -0.717495, 3.53837, -7.17495
75.4, -6.21442, 14.5042, -0.283838, -0.307207, 0.355842, -0.716503, 3.55842, -7.16503
75.5, -6.2412, 14.4703, -0.248144, -0.378802, 0.357848, -0.715503, 3.57848, -7.15503
75.6, -6.2644, 14.4292, -0.212248, -0.450297, 0.359858, -0.714494, 3.59858, -7.14494
75.7, -6.28401, 14.3809, -0.176152, -0.521691, 0.361874, -0.713476, 3.61874, -7.13476
75.8, -6.29999, 14.3256, -0.139853, -0.592982, 0.363898, -0.712445, 3.63898, -7.12445
75.9, -6.31233, 14.2631, -0.103352, -0.664169, 0.365932, -0.711403, 3.65932, -7.11403
76, -6.32102, 14.1935, -0.0666461, -0.735251, 0.367979, -0.710346, 3.67979, -7.10346
76.1, -6.32602, 14.1167, -0.0297349, -0.806227, 0.370041, -0.709274, 3.70041, -7.09274
76.2, -6.32733, 14.0329, 0.00738348, -0.877095, 0.372121, -0.708185, 3.72121, -7.08185
76.3, -6.32491, 13.942, 0.044711, -0.947852, 0.374222, -0.707077, 3.74222, -7.07077
76.4, -6.31875, 13.8441, 0.0822498, -1.0185, 0.376346, -0.705949, 3.76346, -7.05949
76.5, -6.30883, 13.739, 0.120002, -1.08903, 0.378496, -0.704798, 3.78496, -7.04798
76.6, -6.29513, 13.627, 0.157972, -1.15945, 0.380675, -0.703624, 3.80675, -7.03624
76.7, -6.27761, 13.5079, 0.196161, -1.22974, 0.382887, -0.702423, 3.82887, -7.02423
76.8, -6.25627, 13.3817, 0.234573, -1.29992, 0.385134, -0.701193, 3.85134, -7.01193
76.9, -6.23107, 13.2486, 0.273211, -1.36997, 0.387421, -0.699932, 3.87421, -6.99932
77, -6.20201, 13.1084, 0.312081, -1.43989, 0.389751, -0.698637, 3.89751, -6.98637
77.1, -6.16904, 12.9613, 0.351187, -1.50968, 0.392128, -0.697306, 3.92128, -6.97306
77.2, -6.13215, 12.8072, 0.390533, -1.57934, 0.394558, -0.695934, 3.94558, -6.95934
77.3, -6.09132, 12.6461, 0.430125, -1.64885, 0.397043, -0.694519, 3.97043, -6.94519
77.4, -6.04652, 12.4781, 0.469969, -1.71822, 0.399591, -0.693056, 3.99591, -6.93056
77.5, -5.99772, 12.3032, 0.510071, -1.78745, 0.402207, -0.691542, 4.02207, -6.91542
77.6, -5.9449, 12.1213, 0.550439, -1.85651, 0.404896, -0.689971, 4.04896, -6.89971
77.7, -5.88803, 11.9326, 0.59108, -1.92542, 0.407665, -0.688338, 4.07665, -6.88338
77.8, -5.82708, 11.7369, 0.632003, -1.99416, 0.410523, -0.686637, 4.10523, -6.86637
77.9, -5.76203, 11.5344, 0.673217, -2.06273, 0.413478, -0.684862, 4.13478, -6.84862
78, -5.69284, 11.3251, 0.714732, -2.13111, 0.416537, -0.683006, 4.16537, -6.83006
78.1, -5.61949, 11.1089, 0.75656, -2.19931, 0.419713, -0.681059, 4.19713, -6.81059
78.2, -5.54194, 10.8859, 0.798711, -2.2673, 0.423015, -0.679013, 4.23015, -6.79013
78.3, -5.46016, 10.6561, 0.841201, -2.33509, 0.426458, -0.676856, 4.26458, -6.76856
78.4, -5.37411, 10.4196, 0.884043, -2.40265, 0.430054, -0.674576, 4.30054, -6.74576
78.5, -5.28376, 10.1763, 0.927254, -2.46997, 0.433822, -0.67216, 4.33822, -6.7216
78.6, -5.18908, 9.92627, 0.970853, -2.53705, 0.437778, -0.669589, 4.37778, -6.69589
78.7, -5.09002, 9.66955, 1.01486, -2.60386, 0.441945, -0.666847, 4.41945, -6.66847
78.8, -4.98654, 9.40617, 1.05929, -2.67038, 0.446347, -0.663909, 4.46347, -6.63909
78.9, -4.87859, 9.13615, 1.10418, -2.7366, 0.451011, -0.660749, 4.51011, -6.60749
79, -4.76614, 8.85952, 1.14955, -2.80249, 0.45597, -0.657337, 4.5597, -6.57337
79.1, -4.64912, 8.57632, 1.19544, -2.86803, 0.461262, -0.653634, 4.61262, -6.53634
79.2, -4.52749, 8.28658, 1.24187, -2.93317, 0.466932, -0.649595, 4.66932, -6.49595
79.3, -4.40119, 7.99035, 1.2889, -2.99789, 0.473033, -0.645166, 4.73033, -6.45166
79.4, -4.27016, 7.68766, 1.33656, -3.06214, 0.479628, -0.640279, 4.79628, -6.40279
79.5, -4.13434, 7.37858, 1.38491, -3.12587, 0.486793, -0.634848, 4.86793, -6.34848
79.6, -3.99364, 7.06314, 1.43401, -3.18903, 0.494619, -0.62877, 4.94619, -6.2877
79.7, -3.848, 6.74142, 1.48394, -3.25154, 0.503219, -0.621909, 5.03219, -6.21909
79.8, -3.69733, 6.41348, 1.53478, -3.31331, 0.512731, -0.61409, 5.12731, -6.1409
79.9, -3.54153, 6.0794, 1.58663, -3.37423, 0.523328, -0.605085, 5.23328, -6.05085
80, -3.38049, 5.73927, 1.6396, -3.43418, 0.535227, -0.594586, 5.35227, -5.94586
80.1, -3.2141, 5.3932, 1.69385, -3.49297, 0.548703, -0.582173, 5.48703, -5.82173
80.2, -3.04222, 5.04131, 1.74955, -3.55039, 0.564108, -0.567259, 5.64108, -5.67259
80.3, -2.8647, 4.68374, 1.80692, -3.60615, 0.581894, -0.548999, 5.81894, -5.48999
80.4, -2.68136, 4.32069, 1.86622, -3.65983, 0.602639, -0.526143, 6.02639, -5.26143
80.5, -2.49198, 3.95239, 1.92779, -3.7109, 0.627065, -0.496779, 6.27065, -4.96779
80.6, -2.29634, 3.57912, 1.99205, -3.75853, 0.656007, -0.457881, 6.56007, -4.57881
80.7, -2.09412, 3.20129, 2.05949, -3.80153, 0.69021, -0.404488, 6.9021, -4.04488
80.8, -1.88501, 2.81943, 2.13064, -3.83802, 0.729542, -0.328282, 7.29542, -3.28282
80.9, -1.66859, 2.43432, 2.20586, -3.86502, 0.77042, -0.215529, 7.7042, -2.15529
81, -1.44448, 2.0471, 2.28467, -3.87784, 0.798633, -0.04674, 7.98633, -0.4674
81.1, -1.21243, 1.65947, 2.36398, -3.87002, 0.777165, 0.189775, 7.77165, 1.89775
81.2, -0.972682, 1.27376, 2.43606, -3.83635, 0.65849, 0.454303, 6.5849, 4.54303
81.3, -0.726422, 0.892542, 2.49132, -3.77907, 0.459824, 0.654646, 4.59824, 6.54646
81.4, -0.475561, 0.517784, 2.52614, -3.70732, 0.26196, 0.755895, 2.6196, 7.55895
81.5, -0.222042, 0.150532, 2.54348, -3.62935, 0.108187, 0.792651, 1.08187, 7.92651
81.6, 0.0325948, -0.208816, 2.5479, -3.54954, -0.00261932, 0.799996, -0.0261932, 7.99996
81.7, 0.287231, -0.560174, 2.54304, -3.46972, -0.0824889, 0.795736, -0.824889, 7.95736
81.8, 0.541059, -0.903578, 2.5314, -3.39058, -0.141511, 0.787385, -1.41511, 7.87385
81.9, 0.793483, -1.23911, 2.51468, -3.31236, -0.186446, 0.77797, -1.86446, 7.7797
82, 1.04405, -1.56686, 2.49404, -3.23508, -0.221636, 0.768685, -2.21636, 7.68685
82.1, 1.29241, -1.88692, 2.47027, -3.1587, -0.249892, 0.75997, -2.49892, 7.5997
82.2, 1.53827, -2.19939, 2.44397, -3.08315, -0.273075, 0.751951, -2.73075, 7.51951
82.3, 1.78141, -2.50433, 2.41557, -3.00836, -0.292451, 0.744629, -2.92451, 7.44629
82.4, 2.02162, -2.80183, 2.3854, -2.93427, -0.308908, 0.737954, -3.08908, 7.37954
82.5, 2.25874, -3.09194, 2.35371, -2.86081, -0.32308, 0.73186, -3.2308, 7.3186
82.6, 2.49264, -3.37474, 2.32071, -2.78794, -0.335432, 0.726282, -3.35432, 7.26282
82.7, 2.72318, -3.65027, 2.28656, -2.71559, -0.346312, 0.721157, -3.46312, 7.21157
82.8, 2.95026, -3.9186, 2.25139, -2.64374, -0.355987, 0.716431, -3.55987, 7.16431
82.9, 3.17379, -4.17975, 2.2153, -2.57234, -0.364661, 0.712055, -3.64661, 7.12055
83, 3.39366, -4.43379, 2.1784, -2.50136, -0.372497, 0.707987, -3.72497, 7.07987
83.1, 3.60981, -4.68075, 2.14075, -2.43077, -0.379622, 0.704193, -3.79622, 7.04193
83.2, 3.82217, -4.92066, 2.10243, -2.36055, -0.386141, 0.700639, -3.86141, 7.00639
83.3, 4.03067, -5.15357, 2.06348, -2.29067, -0.392137, 0.697301, -3.92137, 6.97301
83.4, 4.23524, -5.3795, 2.02396, -2.22112, -0.397681, 0.694154, -3.97681, 6.94154
83.5, 4.43584, -5.5985, 1.9839, -2.15187, -0.402831, 0.691178, -4.02831, 6.91178
83.6, 4.63241, -5.81058, 1.94335, -2.08291, -0.407634, 0.688356, -4.07634, 6.88356
83.7, 4.8249, -6.01578, 1.90234, -2.01422, -0.412132, 0.685673, -4.12132, 6.85673
83.8, 5.01327, -6.21412, 1.86089, -1.94579, -0.41636, 0.683114, -4.1636, 6.83114
83.9, 5.19748, -6.40563, 1.81903, -1.87762, -0.420346, 0.680668, -4.20346, 6.80668
84, 5.37749, -6.59033, 1.77679, -1.80968, -0.424117, 0.678325, -4.24117, 6.78325
84.1, 5.55325, -6.76825, 1.73418, -1.74197, -0.427695, 0.676075, -4.27695, 6.76075
84.2, 5.72474, -6.93941, 1.69122, -1.67449, -0.4311, 0.673909, -4.311, 6.73909
84.3, 5.89192, -7.10383, 1.64793, -1.60721, -0.434347, 0.67182, -4.34347, 6.7182
84.4, 6.05475, -7.26153, 1.60433, -1.54014, -0.437452, 0.669802, -4.37452, 6.69802
84.5, 6.21321, -7.41253, 1.56042, -1.47327, -0.440429, 0.667849, -4.40429, 6.67849
84.6, 6.36726, -7.55685, 1.51622, -1.40659, -0.443289, 0.665954, -4.43289, 6.65954
84.7, 6.51689, -7.69452, 1.47173, -1.34009, -0.446041, 0.664114, -4.46041, 6.64114
84.8, 6.66205, -7.82554, 1.42698, -1.27378, -0.448697, 0.662323, -4.48697, 6.62323
84.9, 6.80272, -7.94994, 1.38197, -1.20764, -0.451263, 0.660577, -4.51263, 6.60577
85, 6.93888, -8.06774, 1.33671, -1.14168, -0.453748, 0.658873, -4.53748, 6.58873
85.1, 7.07051, -8.17894, 1.2912, -1.07589, -0.456158, 0.657206, -4.56158, 6.57206
85.2, 7.19757, -8.28358, 1.24546, -1.01026, -0.458499, 0.655575, -4.58499, 6.55575
85.3, 7.32005, -8.38166, 1.19948, -0.944786, -0.460778, 0.653975, -4.60778, 6.53975
85.4, 7.43792, -8.47319, 1.15328, -0.879475, -0.462999, 0.652404, -4.62999, 6.52404
85.5, 7.55116, -8.55821, 1.10686, -0.81432, -0.465168, 0.65086, -4.65168, 6.5086
85.6, 7.65975, -8.63671, 1.06023, -0.749317, -0.467287, 0.64934, -4.67287, 6.4934
85.7, 7.76367, -8.70873, 1.01338, -0.684466, -0.469363, 0.647842, -4.69363, 6.47842
85.8, 7.86289, -8.77426, 0.966334, -0.619763, -0.471397, 0.646363, -4.71397, 6.46363
85.9, 7.9574, -8.83333, 0.919084, -0.555208, -0.473394, 0.644901, -4.73394, 6.44901
86, 8.04718, -8.88595, 0.871636, -0.490797, -0.475358, 0.643455, -4.75358, 6.43455
86.1, 8.1322, -8.93214, 0.823994, -0.42653, -0.47729, 0.642023, -4.7729, 6.42023
86.2, 8.21245, -8.9719, 0.77616, -0.362406, -0.479195, 0.640603, -4.79195, 6.40603
86.3, 8.2879, -9.00526, 0.728137, -0.298424, -0.481074, 0.639193, -4.81074, 6.39193
86.4, 8.35855, -9.03223, 0.679927, -0.234581, -0.482931, 0.637791, -4.82931, 6.37791
86.5, 8.42436, -9.05282, 0.631533, -0.170879, -0.484767, 0.636397, -4.84767, 6.36397
86.6, 8.48533, -9.06705, 0.582956, -0.107316, -0.486586, 0.635007, -4.86586, 6.35007
86.7, 8.54144, -9.07493, 0.534198, -0.0438914, -0.488389, 0.633622, -4.88389, 6.33622
86.8, 8.59265, -9.07647, 0.485261, 0.0193947, -0.490178, 0.632238, -4.90178, 6.32238
86.9, 8.63897, -9.07168, 0.436145, 0.0825425, -0.491956, 0.630856, -4.91956, 6.30856
87, 8.68037, -9.06059, 0.386852, 0.145552, -0.493726, 0.629472, -4.93726, 6.29472
87.1, 8.71683, -9.04321, 0.337383, 0.208423, -0.495487, 0.628086, -4.95487, 6.28086
87.2, 8.74834, -9.01954, 0.287737, 0.271155, -0.497244, 0.626696, -4.97244, 6.26696
87.3, 8.77487, -8.98961, 0.237917, 0.333748, -0.498997, 0.625301, -4.98997, 6.25301
87.4, 8.79641, -8.95342, 0.18792, 0.396201, -0.500749, 0.623899, -5.00749, 6.23899
87.5, 8.81295, -8.911, 0.137749, 0.458514, -0.502502, 0.622488, -5.02502, 6.22488
87.6, 8.82446, -8.86235, 0.0874024, 0.520684, -0.504257, 0.621067, -5.04257, 6.21067
87.7, 8.83093, -8.80748, 0.03688, 0.582712, -0.506017, 0.619634, -5.06017, 6.19634
87.8, 8.83234, -8.74643, -0.0138188, 0.644596, -0.507783, 0.618188, -5.07783, 6.18188
87.9, 8.82867, -8.67919, -0.0646946, 0.706335, -0.509558, 0.616726, -5.09558, 6.16726
88, 8.8199, -8.60578, -0.115749, 0.767926, -0.511343, 0.615246, -5.11343, 6.15246
88.1, 8.80602, -8.52622, -0.166982, 0.829369, -0.513141, 0.613747, -5.13141, 6.13747
88.2, 8.78701, -8.44053, -0.218395, 0.89066, -0.514954, 0.612227, -5.14954, 6.12227
88.3, 8.76285, -8.34871, -0.269991, 0.951798, -0.516785, 0.610683, -5.16785, 6.10683
88.4, 8.73352, -8.25078, -0.321771, 1.01278, -0.518634, 0.609113, -5.18634, 6.09113
88.5, 8.69901, -8.14677, -0.373738, 1.0736, -0.520506, 0.607514, -5.20506, 6.07514
88.6, 8.65929, -8.03668, -0.425892, 1.13427, -0.522402, 0.605884, -5.22402, 6.05884
88.7, 8.61435, -7.92053, -0.478238, 1.19476, -0.524326, 0.60422, -5.24326, 6.0422
88.8, 8.56416, -7.79833, -0.530778, 1.25509, -0.52628, 0.602519, -5.2628, 6.02519
88.9, 8.50871, -7.67012, -0.583515, 1.31525, -0.528267, 0.600778, -5.28267, 6.00778
89, 8.44798, -7.53589, -0.636453, 1.37523, -0.530291, 0.598992, -5.30291, 5.98992
89.1, 8.38194, -7.39567, -0.689595, 1.43503, -0.532355, 0.597159, -5.32355, 5.97159
89.2, 8.31059, -7.24949, -0.742946, 1.49464, -0.534462, 0.595273, -5.34462, 5.95273
89.3, 8.23388, -7.09735, -0.79651, 1.55406, -0.536618, 0.593331, -5.36618, 5.93331
89.4, 8.15181, -6.93928, -0.850293, 1.61328, -0.538826, 0.591326, -5.38826, 5.91326
89.5, 8.06436, -6.77529, -0.9043, 1.6723, -0.541091, 0.589254, -5.41091, 5.89254
89.6, 7.97149, -6.60541, -0.958536, 1.73111, -0.543419, 0.587108, -5.43419, 5.87108
89.7, 7.87318, -6.42966, -1.01301, 1.7897, -0.545815, 0.584881, -5.45815, 5.84881
89.8, 7.76942, -6.24806, -1.06773, 1.84806, -0.548285, 0.582566, -5.48285, 5.82566
89.9, 7.66018, -6.06064, -1.12269, 1.90619, -0.550837, 0.580154, -5.50837, 5.80154
90, 7.54543, -5.86741, -1.17792, 1.96406, -0.553478, 0.577635, -5.53478, 5.77635
90.1, 7.42514, -5.66841, -1.23342, 2.02168, -0.556216, 0.574999, -5.56216, 5.74999
90.2, 7.29929, -5.46366, -1.2892, 2.07903, -0.559062, 0.572233, -5.59062, 5.72233
90.3, 7.16785, -5.25319, -1.34527, 2.1361, -0.562025, 0.569323, -5.62025, 5.69323
90.4, 7.03079, -5.03702, -1.40164, 2.19286, -0.565118, 0.566252, -5.65118, 5.66252
90.5, 6.88808, -4.81519, -1.45833, 2.24931, -0.568354, 0.563004, -5.68354, 5.63004
90.6, 6.73968, -4.58773, -1.51535, 2.30542, -0.571749, 0.559556, -5.71749, 5.59556
90.7, 6.58557, -4.35468, -1.57272, 2.36118, -0.57532, 0.555884, -5.7532, 5.55884
90.8, 6.4257, -4.11607, -1.63045, 2.41655, -0.579086, 0.551959, -5.79086, 5.51959
90.9, 6.26004, -3.87193, -1.68858, 2.47152, -0.583072, 0.547747, -5.83072, 5.47747
91, 6.08855, -3.62232, -1.74712, 2.52605, -0.587303, 0.543208, -5.87303, 5.43208
91.1, 5.91119, -3.36728, -1.80609, 2.5801, -0.59181, 0.538294, -5.9181, 5.38294
91.2, 5.72791, -3.10686, -1.86554, 2.63364, -0.59663, 0.532947, -5.9663, 5.32947
91.3, 5.53867, -2.84111, -1.92548, 2.68662, -0.601804, 0.527097, -6.01804, 5.27097
91.4, 5.3434, -2.57008, -1.98596, 2.73898, -0.607383, 0.520659, -6.07383, 5.20659
91.5, 5.14206, -2.29385, -2.04703, 2.79066, -0.613427, 0.513524, -6.13427, 5.13524
91.6, 4.93459, -2.01249, -2.10873, 2.84158, -0.620007, 0.50556, -6.20007, 5.0556
91.7, 4.72091, -1.72607, -2.17112, 2.89165, -0.62721, 0.496596, -6.2721, 4.96596
91.8, 4.50096, -1.43469, -2.23427, 2.94076, -0.635141, 0.486411, -6.35141, 4.86411
91.9, 4.27467, -1.13844, -2.29826, 2.98878, -0.643927, 0.474718, -6.43927, 4.74718
92, 4.04193, -0.837448, -2.36318, 3.03552, -0.653726, 0.461132, -6.53726, 4.61132
92.1, 3.80265, -0.531846, -2.42915, 3.08077, -0.664728, 0.445125, -6.64728, 4.45125
92.2, 3.55672, -0.221796, -2.4963, 3.12426, -0.677165, 0.425967, -6.77165, 4.25967
92.3, 3.30402, 0.0925103, -2.56477, 3.16561, -0.691309, 0.402607, -6.91309, 4.02607
92.4, 3.04441, 0.410838, -2.63478, 3.20433, -0.707458, 0.373502, -7.07458, 3.73502
92.5, 2.77772, 0.732894, -2.70652, 3.23971, -0.725876, 0.33631, -7.25876, 3.3631
92.6, 2.50377, 1.0583, -2.78023, 3.27077, -0.746605, 0.287369, -7.46605, 2.87369
92.7, 2.22235, 1.38657, -2.85611, 3.29602, -0.768923, 0.22081, -7.68923, 2.2081
92.8, 1.93324, 1.71703, -2.93418, 3.31323, -0.789821, 0.127213, -7.89821, 1.27213
92.9, 1.63624, 2.04872, -3.01388, 3.31895, -0.799965, -0.00745624, -7.99965, -0.0745624
93, 1.33127, 2.38029, -3.09296, 3.30823, -0.775214, -0.197594, -7.75214, -1.97594
93.1, 1.01862, 2.70985, -3.16566, 3.27569, -0.672384, -0.433473, -6.72384, -4.33473
93.2, 0.699324, 3.03509, -3.22251, 3.22005, -0.471454, -0.646321, -4.71454, -6.46321
93.3, 0.375344, 3.35395, -3.25659, 3.14807, -0.235795, -0.764461, -2.35795, -7.64461
93.4, 0.0489704, 3.66523, -3.26893, 3.06923, -0.0399173, -0.799004, -0.399173, -7.99004
93.5, -0.277849, 3.96856, -3.26479, 2.98943, 0.100384, -0.793677, 1.00384, -7.93677
93.6, -0.603701, 4.26396, -3.24909, 2.91104, 0.198105, -0.775083, 1.98105, -7.75083
93.7, -0.927594, 4.55161, -3.22527, 2.83469, 0.267525, -0.753943, 2.67525, -7.53943
93.8, -1.24883, 4.83172, -3.19559, 2.76042, 0.318473, -0.733877, 3.18473, -7.33877
93.9, -1.56689, 5.10449, -3.16154, 2.68804, 0.357113, -0.71587, 3.57113, -7.1587
94, -1.88138, 5.3701, -3.12411, 2.61734, 0.387299, -0.7, 3.87299, -7
94.1, -2.19201, 5.6287, -3.08401, 2.54812, 0.411489, -0.686059, 4.11489, -6.86059
94.2, -2.49852, 5.88045, -3.04174, 2.4802, 0.431303, -0.673778, 4.31303, -6.73778
94.3, -2.80072, 6.12546, -2.99767, 2.41343, 0.44784, -0.662902, 4.4784, -6.62902
94.4, -3.09845, 6.36383, -2.9521, 2.34769, 0.461864, -0.653209, 4.61864, -6.53209
94.5, -3.39156, 6.59568, -2.90524, 2.28285, 0.473924, -0.644513, 4.73924, -6.44513
94.6, -3.67994, 6.82108, -2.85726, 2.21884, 0.484421, -0.636661, 4.84421, -6.36661
94.7, -3.96347, 7.04011, -2.8083, 2.15557, 0.493655, -0.629527, 4.93655, -6.29527
94.8, -4.24206, 7.25284, -2.75847, 2.09298, 0.501855, -0.62301, 5.01855, -6.2301
94.9, -4.51564, 7.45935, -2.70788, 2.03101, 0.509198, -0.617023, 5.09198, -6.17023
95, -4.78412, 7.65968, -2.65659, 1.96962, 0.515822, -0.611496, 5.15822, -6.11496
95.1, -5.04745, 7.8539, -2.60467, 1.90875, 0.521838, -0.60637, 5.21838, -6.0637
95.2, -5.30556, 8.04205, -2.55218, 1.84838, 0.527336, -0.601595, 5.27336, -6.01595
95.3, -5.5584, 8.22419, -2.49916, 1.78847, 0.532387, -0.59713, 5.32387, -5.9713
95.4, -5.80591, 8.40036, -2.44567, 1.72899, 0.537052, -0.592938, 5.37052, -5.92938
95.5, -6.04805, 8.5706, -2.39172, 1.66991, 0.54138, -0.588989, 5.4138, -5.88989
95.6, -6.28478, 8.73494, -2.33736, 1.61122, 0.545412, -0.585257, 5.45412, -5.85257
95.7, -6.51605, 8.89344, -2.28261, 1.55289, 0.549184, -0.581719, 5.49184, -5.81719
95.8, -6.74184, 9.04611, -2.22749, 1.49491, 0.552725, -0.578356, 5.52725, -5.78356
95.9, -6.96209, 9.19301, -2.17203, 1.43725, 0.55606, -0.57515, 5.5606, -5.7515
96, -7.17679, 9.33415, -2.11625, 1.3799, 0.559212, -0.572085, 5.59212, -5.72085
96.1, -7.38589, 9.46957, -2.06017, 1.32286, 0.5622, -0.56915, 5.622, -5.6915
96.2, -7.58938, 9.5993, -2.00379, 1.2661, 0.565039, -0.566331, 5.65039, -5.66331
96.3, -7.78721, 9.72337, -1.94714, 1.20962, 0.567745, -0.563618, 5.67745, -5.63618
96.4, -7.97936, 9.8418, -1.89022, 1.1534, 0.57033, -0.561002, 5.7033, -5.61002
96.5, -8.16581, 9.95462, -1.83305, 1.09744, 0.572806, -0.558474, 5.72806, -5.58474
96.6, -8.34654, 10.0619, -1.77564, 1.04173, 0.575181, -0.556028, 5.75181, -5.56028
96.7, -8.52151, 10.1635, -1.71799, 0.986254, 0.577466, -0.553655, 5.77466, -5.53655
96.8, -8.69071, 10.2597, -1.66012, 0.931016, 0.579667, -0.551349, 5.79667, -5.51349
96.9, -8.85411, 10.3503, -1.60204, 0.876005, 0.581793, -0.549106, 5.81793, -5.49106
97, -9.01169, 10.4354, -1.54375, 0.821215, 0.583849, -0.546919, 5.83849, -5.46919
97.1, -9.16343, 10.5151, -1.48525, 0.766641, 0.585842, -0.544784, 5.85842, -5.44784
97.2, -9.30932, 10.5893, -1.42656, 0.712278, 0.587776, -0.542697, 5.87776, -5.42697
97.3, -9.44933, 10.6581, -1.36768, 0.658121, 0.589656, -0.540653, 5.89656, -5.40653
97.4, -9.58344, 10.7215, -1.30861, 0.604166, 0.591487, -0.538649, 5.91487, -5.38649
97.5, -9.71163, 10.7795, -1.24936, 0.55041, 0.593273, -0.536682, 5.93273, -5.36682
97.6, -9.8339, 10.8321, -1.18994, 0.496848, 0.595017, -0.534748, 5.95017, -5.34748
97.7, -9.95021, 10.8794, -1.13035, 0.443479, 0.596723, -0.532843, 5.96723, -5.32843
97.8, -10.0606, 10.9213, -1.07058, 0.390298, 0.598394, -0.530966, 5.98394, -5.30966
97.9, -10.1649, 10.958, -1.01065, 0.337303, 0.600032, -0.529114, 6.00032, -5.29114
98, -10.2633, 10.9893, -0.950559, 0.284493, 0.601642, -0.527283, 6.01642, -5.27283
98.1, -10.3556, 11.0154, -0.890308, 0.231864, 0.603224, -0.525472, 6.03224, -5.25472
98.2, -10.4419, 11.0362, -0.8299, 0.179416, 0.604782, -0.523678, 6.04782, -5.23678
98.3, -10.5222, 11.0518, -0.769337, 0.127146, 0.606318, -0.521899, 6.06318, -5.21899
98.4, -10.5964, 11.0622, -0.708621, 0.0750533, 0.607834, -0.520132, 6.07834, -5.20132
98.5, -10.6645, 11.0674, -0.647755, 0.0231367, 0.609332, -0.518377, 6.09332, -5.18377
98.6, -10.7266, 11.0673, -0.586741, -0.0286048, 0.610814, -0.51663, 6.10814, -5.1663
98.7, -10.7825, 11.0622, -0.525578, -0.080172, 0.612282, -0.514889, 6.12282, -5.14889
98.8, -10.8323, 11.0518, -0.46427, -0.131565, 0.613737, -0.513154, 6.13737, -5.13154
98.9, -10.876, 11.0364, -0.402817, -0.182786, 0.615182, -0.511421, 6.15182, -5.11421
99, -10.9135, 11.0158, -0.34122, -0.233832, 0.616617, -0.509689, 6.16617, -5.09689
99.1, -10.9448, 10.9901, -0.279479, -0.284706, 0.618046, -0.507956, 6.18046, -5.07956
99.2, -10.97, 10.9594, -0.217596, -0.335406, 0.619469, -0.50622, 6.19469, -5.0622
99.3, -10.9889, 10.9235, -0.155571, -0.385932, 0.620887, -0.504479, 6.20887, -5.04479
99.4, -11.0017, 10.8827, -0.0934049, -0.436284, 0.622303, -0.502732, 6.22303, -5.02732
99.5, -11.0082, 10.8368, -0.0310968, -0.486461, 0.623718, -0.500975, 6.23718, -5.00975
99.6, -11.0085, 10.7859, 0.0313528, -0.536461, 0.625133, -0.499208, 6.25133, -4.99208
99.7, -11.0026, 10.73, 0.0939441, -0.586284, 0.62655, -0.497428, 6.2655, -4.97428
99.8, -10.9904, 10.6691, 0.156677, -0.635929, 0.627971, -0.495633, 6.27971, -4.95633
99.9, -10.9719, 10.6033, 0.219553, -0.685392, 0.629398, -0.493821, 6.29398, -4.93821
100, -10.9471, 10.5326, 0.282571, -0.734674, 0.63083, -0.491989, 6.3083, -4.91989
